,등록일시,온도 평균(℃),습도 평균(%),초미세먼지 평균(㎍/㎥),미세먼지 평균(㎍/㎥)
0,2023-01-02,-2.1012288786482336,38.59293394777266,5.370199692780338,5.818740399385561
1,2023-01-03,-2.051980982567353,41.38589540412045,7.9049128367670365,8.469096671949288
2,2023-01-04,0.9920508744038156,44.53577106518283,11.05087440381558,11.772655007949126
3,2023-01-05,1.0286936236391913,55.59564541213064,19.811819595645414,21.200622083981337
4,2023-01-06,2.9903426791277257,63.04205607476636,43.55607476635514,46.26479750778816
5,2023-01-07,3.862363067292645,71.42566510172144,62.02190923317684,66.29733959311424
6,2023-01-08,3.715595611285267,59.337774294670844,34.25235109717868,40.575235109717866
7,2023-01-09,5.221028037383178,53.34267912772586,25.133956386292834,28.700934579439252
8,2023-01-10,3.818850754030161,51.921736869474785,18.984399375975038,20.67706708268331
9,2023-01-11,4.802707006369427,57.88773885350319,29.727707006369428,31.888535031847134
10,2023-01-12,7.824673202614378,45.77777777777778,32.16339869281046,34.36764705882353
11,2023-01-13,8.966528008874098,87.9814198557959,9.737104825291182,10.692179700499167
12,2023-01-14,7.916993998908893,87.34806328423349,8.173486088379706,10.063829787234043
13,2023-01-15,1.4525295109612142,85.82377740303541,6.527824620573356,7.003372681281619
14,2023-01-16,-2.655838815789474,53.80016447368421,5.557565789473684,5.983552631578948
15,2023-01-17,-1.3054432348367029,53.86003110419907,6.505443234836703,7.1399688958009335
16,2023-01-18,0.4450233281493001,55.763608087091754,10.153965785381027,12.090202177293934
17,2023-01-19,1.85414710485133,55.960876369327075,10.652582159624414,12.586854460093896
18,2023-01-20,-0.6614420062695925,47.310344827586206,6.725705329153605,9.133228840125392
19,2023-01-21,-2.407427258805513,45.76493108728943,3.978560490045942,4.292496171516079
20,2023-01-22,1.718125960061444,49.615207373271886,4.304147465437788,4.6943164362519205
21,2023-01-23,1.843206106870229,60.31679389312977,16.15419847328244,17.438167938931297
22,2023-01-24,-11.916588050314465,43.12657232704402,5.028301886792453,5.416666666666667
23,2023-01-25,-10.025186846038865,38.18086696562033,3.922272047832586,4.204783258594918
24,2023-01-26,-3.905769230769231,70.3439349112426,6.229289940828402,6.665680473372781
25,2023-01-27,-4.958700209643606,50.117924528301884,8.624213836477987,9.430817610062894
26,2023-01-28,-3.840307692307692,45.57076923076923,4.706153846153846,5.94
27,2023-01-29,-0.05791420118343197,52.23224852071006,5.658284023668639,7.294378698224852
28,2023-01-30,1.3158937198067633,46.18792270531401,6.181159420289855,7.379710144927536
29,2023-01-31,4.358582677165354,61.034120734908136,5.836220472440945,6.470866141732284
30,2023-02-02,0.6340789473684211,36.90657894736842,7.121052631578947,8.3
31,2023-02-03,0.5823161189358372,39.73630672926448,9.674491392801253,10.624413145539906
32,2023-02-04,1.9562693498452013,47.38699690402477,14.746130030959753,15.73219814241486
33,2023-02-05,3.488294573643411,63.53643410852713,28.629457364341086,30.3953488372093
34,2023-02-06,3.692523364485981,65.2297507788162,35.77258566978193,38.1183800623053
35,2023-02-07,4.007923076923077,65.76,41.12769230769231,43.77538461538462
36,2023-02-08,2.910076923076923,52.901538461538465,30.18769230769231,32.00769230769231
37,2023-02-09,4.327417771232204,42.26411389297987,15.424153166421208,16.394698085419734
38,2023-02-10,4.459314456035767,72.53800298062593,11.166915052160954,12.1177347242921
39,2023-02-11,3.4352898550724635,64.88260869565218,25.3231884057971,27.01304347826087
40,2023-02-12,3.8100294985250733,64.64896755162242,44.37905604719764,46.98377581120944
41,2023-02-13,6.005331412103746,60.085014409221905,20.246397694524497,21.540345821325648
42,2023-02-14,1.7230171073094869,46.19206842923795,15.71384136858476,16.863141524105753
43,2023-02-15,3.385846153846154,40.69461538461538,5.269230769230769,5.632307692307692
44,2023-02-16,2.690625,60.73359375,9.8140625,10.48125
45,2023-02-17,3.738336192109777,62.15180102915952,15.456260720411663,16.437392795883362
46,2023-02-18,6.049386503067485,55.58282208588957,44.38496932515337,47.0260736196319
47,2023-02-19,4.127103559870551,50.2408306364617,20.441747572815533,21.671521035598705
48,2023-02-20,0.4383116883116883,45.056277056277054,2.2164502164502164,3.316017316017316
49,2023-02-22,3.5107709750566896,38.337868480725625,11.619047619047619,12.408163265306122
50,2023-02-23,3.709282700421941,57.73945147679325,12.426160337552743,13.044303797468354
51,2023-02-24,4.480235042735043,53.25854700854701,21.194444444444443,22.333333333333332
52,2023-02-25,1.8454545454545455,37.81430584918957,7.2875264270613105,7.826638477801269
53,2023-02-26,3.5469933184855233,35.82628062360802,9.360801781737194,9.808463251670378
54,2023-02-27,4.593884120171674,50.59871244635193,16.01716738197425,16.9206008583691
55,2023-02-28,4.414939024390244,56.04369918699187,13.512195121951219,14.136178861788618
56,2023-03-02,4.050996015936255,38.691235059760956,3.99601593625498,5.362549800796812
57,2023-03-03,3.3776353276353275,57.13960113960114,6.005698005698005,6.777777777777778
58,2023-03-06,13.33736559139785,33.763440860215056,23.129032258064516,24.193548387096776
59,2023-03-07,11.694404973357015,57.207815275310836,18.7246891651865,20.033747779751334
60,2023-03-08,13.088571428571429,59.05384615384615,14.325274725274726,15.68131868131868
61,2023-03-09,10.273527131782947,80.90271317829456,29.63720930232558,31.088372093023256
62,2023-03-10,12.507268170426064,60.1015037593985,40.443609022556394,44.43107769423559
63,2023-03-14,12.898239436619718,40.53521126760563,1.8380281690140845,2.6971830985915495
64,2023-03-15,10.073464912280702,66.79276315789474,4.442982456140351,5.557017543859649
65,2023-03-16,6.967936507936508,31.298412698412697,3.577777777777778,6.241269841269841
66,2023-03-17,6.775124378109452,29.850746268656717,4.54228855721393,5.875621890547263
67,2023-03-20,14.00580204778157,25.64334470989761,26.46075085324232,27.866894197952217
68,2023-03-21,12.305831533477322,35.29157667386609,27.721382289416848,30.017278617710584
69,2023-03-22,16.724818401937046,40.27481840193705,31.832929782082324,34.738498789346245
70,2023-03-23,16.955214723926378,44.372699386503065,15.901840490797547,24.75153374233129
71,2023-03-24,12.39321533923304,29.76991150442478,10.899705014749262,18.91740412979351
72,2023-03-25,10.849675324675324,54.41450216450217,12.688311688311689,17.051948051948052
73,2023-03-26,8.267469879518073,28.50602409638554,4.484939759036145,6.581325301204819
74,2023-03-27,24.393851411612815,88.77741128996755,6.546510080852266,6.546510080852266
75,2023-03-28,22.940995193920426,90.37688602504174,5.613483152058989,5.613483152058989
76,2023-03-29,21.362646173501428,92.11451797412687,4.599864515092661,4.599864515092661
77,2023-03-30,19.830036108644215,93.80179510974949,3.6156195193127982,3.6156195193127982
78,2023-03-31,18.169971840815304,95.62938879910241,2.5495232005235886,2.5495232005235886
79,2023-04-01,16.570967861701572,97.38976015225515,1.5226399111844955,1.5226399111844955
80,2023-04-02,14.99186700994477,99.1282198055654,0.5085384467535222,0.5085384467535222
81,2023-04-03,18.971348314606743,27.506741573033707,16.528089887640448,17.53483146067416
82,2023-04-04,18.36396484375,28.7451171875,6.5703125,7.056640625
83,2023-04-05,11.659504132231405,91.74690082644628,7.43595041322314,7.75
84,2023-04-06,8.74125,87.10729166666667,30.535416666666666,31.608333333333334
85,2023-04-07,9.8202492211838,60.97476635514019,20.039252336448598,21.34392523364486
86,2023-04-08,9.492314990512334,41.90607210626186,1.5483870967741935,2.633776091081594
87,2023-04-09,11.901312910284464,50.90700218818381,6.461706783369803,8.13347921225383
88,2023-04-10,13.454887218045112,44.61184210526316,6.648496240601504,7.4943609022556394
89,2023-04-11,13.247605545053561,69.90863264020163,8.18336483931947,9.661625708884689
90,2023-04-12,10.63002092050209,36.12656903765691,15.813807531380753,33.65899581589958
91,2023-04-13,12.938223552894211,37.45109780439122,13.05189620758483,24.63672654690619
92,2023-04-14,16.567043121149897,50.85420944558521,8.402464065708418,12.236139630390143
93,2023-04-15,13.524795081967214,76.36475409836065,8.879098360655737,10.038934426229508
94,2023-04-16,11.411442786069651,64.8866382373845,18.00639658848614,21.767590618336886
95,2023-04-17,12.89650112866817,56.13205417607224,10.478555304740407,13.787810383747178
96,2023-04-18,14.193626373626374,68.69450549450549,6.545054945054945,7.386813186813187
97,2023-04-19,18.466757741347905,62.18670309653916,13.331511839708561,14.234972677595628
98,2023-04-20,15.975381944444445,82.05173611111111,9.25,9.672916666666667
99,2023-04-21,16.18535856573705,48.84362549800797,8.245019920318725,10.474103585657371
100,2023-04-22,17.880181086519116,15.603621730382294,3.4466800804828974,5.714285714285714
101,2023-04-23,17.19360465116279,28.175387596899224,4.063953488372093,5.655038759689923
102,2023-04-24,15.19866504854369,33.55946601941748,3.0436893203883497,4.351941747572815
103,2023-04-25,11.001419213973799,58.12954876273653,4.316593886462882,4.796943231441048
104,2023-04-26,10.243409490333919,65.24868189806678,4.845342706502636,5.07908611599297
105,2023-04-27,12.880243445692884,56.86516853932584,11.539325842696629,12.05243445692884
106,2023-04-28,14.996003898635477,55.080896686159846,6.292397660818714,6.719298245614035
107,2023-04-29,12.930225409836066,86.30771857923497,7.260245901639344,7.69672131147541
108,2023-04-30,13.498444444444445,64.38518518518518,4.204444444444444,4.742222222222222
109,2023-05-01,14.752885268160219,57.926680244399186,7.773930753564155,8.35234215885947
110,2023-05-02,17.0496408045977,39.77729885057472,4.670258620689655,5.0
111,2023-05-03,19.44095135908441,44.437768240343345,5.521459227467811,6.012875536480687
112,2023-05-04,21.060666666666666,62.37222222222222,7.553333333333334,8.057777777777778
113,2023-05-05,17.96443298969072,85.47044673539519,2.861855670103093,2.9835051546391753
114,2023-05-06,12.538148148148148,85.23265993265993,1.6444444444444444,1.7191919191919192
115,2023-05-07,15.155865522174535,42.7038626609442,11.07510729613734,11.572961373390559
116,2023-05-08,15.736666666666666,48.207608695652176,9.6,10.110869565217392
117,2023-05-09,15.864814814814816,54.03311965811966,18.136752136752136,19.173076923076923
118,2023-05-10,18.243388429752066,51.924586776859506,23.00413223140496,24.285123966942148
119,2023-05-11,19.263087719298248,47.283157894736846,14.187368421052632,14.957894736842105
120,2023-05-12,18.03381443298969,45.56082474226804,16.521649484536084,17.437113402061854
121,2023-05-13,17.4826359832636,60.61087866108787,17.60460251046025,18.364016736401673
122,2023-05-14,18.463561320754717,51.90762578616352,7.471698113207547,7.6415094339622645
123,2023-05-15,20.014696058784235,51.73914495657982,8.43687374749499,8.891783567134269
124,2023-05-16,23.147604790419162,53.90119760479042,15.291417165668662,16.417165668662676
125,2023-05-17,23.090102040816326,60.207142857142856,4.122448979591836,4.626530612244898
126,2023-05-18,21.40455580865604,71.42824601366742,8.5375854214123,8.981776765375853
127,2023-05-19,25.16580310880829,48.19516407599309,5.761658031088083,6.010362694300518
128,2023-05-20,21.67101593625498,62.35557768924303,7.621513944223108,7.99402390438247
129,2023-05-21,17.112665198237885,73.13215859030836,12.810572687224669,15.341409691629956
130,2023-05-22,19.006698412698412,61.93206349206349,16.624761904761904,22.186666666666667
131,2023-05-23,20.563512778684068,47.73083197389886,6.9575856443719415,9.101141924959217
132,2023-05-24,20.236246200607905,46.798632218844986,5.3844984802431615,6.098784194528875
133,2023-05-25,20.66511976047904,43.21357285429142,3.3517964071856285,3.7260479041916166
134,2023-05-26,20.76544044044044,50.248748748748746,3.8033033033033035,4.213213213213213
135,2023-05-27,18.410384215991694,81.57372793354102,7.14797507788162,7.573208722741433
136,2023-05-28,17.5750254841998,95.0632008154944,4.900611620795107,5.030581039755352
137,2023-05-29,22.158123028391167,80.5176130389064,3.815457413249211,4.006309148264984
138,2023-05-30,23.1698003327787,68.64226289517471,15.304492512479202,16.261231281198004
139,2023-05-31,22.64301948051948,54.227543290043286,3.8490259740259742,4.159090909090909
140,2023-06-01,22.156946688206784,64.27948303715671,14.504038772213248,15.321486268174475
141,2023-06-02,19.663161875945537,73.56202723146747,10.411497730711044,10.99697428139183
142,2023-06-03,20.359029927760577,52.69427244582043,6.738390092879257,7.122291021671827
143,2023-06-04,18.81341463414634,57.71707317073171,6.668292682926829,7.08130081300813
144,2023-06-05,18.539093137254902,64.01021241830065,4.955882352941177,5.284313725490196
145,2023-06-06,18.264197530864198,65.5252281266774,3.494363929146538,3.6698872785829306
146,2023-06-07,18.029328358208954,72.67014925373134,9.844776119402985,10.465671641791046
147,2023-06-08,17.721451355661884,74.60845295055822,3.3588516746411483,3.543859649122807
148,2023-06-09,18.545054945054947,61.20957613814757,8.180533751962324,8.689167974882261
149,2023-06-10,18.139490263459333,61.80011454753723,9.15979381443299,9.70446735395189
150,2023-06-11,16.796121416526137,71.48145025295109,5.367622259696459,5.650927487352445
151,2023-06-12,16.865235690235693,65.24579124579125,8.698653198653199,9.215488215488216
152,2023-06-13,17.21772491349481,61.891551326412916,5.217993079584775,5.586505190311419
153,2023-06-14,16.386648029818954,70.31443024494143,16.43290734824281,17.30031948881789
154,2023-06-15,17.92295081967213,66.851912568306,16.18032786885246,17.09344262295082
155,2023-06-16,18.573497732426304,59.112670068027214,10.532312925170068,11.122448979591837
156,2023-06-17,19.639349294045427,50.12231430325353,4.788213627992634,5.038674033149171
157,2023-06-18,20.202113702623905,57.51846452866861,6.994169096209912,7.402332361516035
158,2023-06-19,21.184879856850714,54.081799591002046,9.372699386503067,10.27760736196319
159,2023-06-20,19.213172966781215,56.455899198167245,7.769759450171821,8.484536082474227
160,2023-06-21,15.092338072669827,89.08925750394944,2.18957345971564,2.3127962085308056
161,2023-06-22,16.9396255850234,70.17004680187208,4.0889235569422775,4.383775351014041
162,2023-06-23,18.833676975945018,71.65721649484536,24.412371134020617,25.828178694158076
163,2023-06-24,20.760756501182033,65.81294326241135,16.73936170212766,17.73049645390071
164,2023-06-25,23.04907223326706,58.954605699138504,10.646123260437376,11.077534791252486
165,2023-06-26,18.663264722698685,83.70926243567753,3.576329331046312,3.739279588336192
166,2023-06-27,20.09509132420091,72.5142694063927,3.5719178082191783,3.761986301369863
167,2023-06-28,20.927024647887322,74.98415492957747,16.431338028169016,17.1443661971831
168,2023-06-29,17.21267143709004,92.8861061419201,16.495527728085868,17.610017889087658
169,2023-06-30,19.06139705882353,83.51470588235294,21.264705882352942,22.415441176470587
170,2023-07-01,21.47929104477612,71.59359452736318,13.753731343283581,14.438432835820896
171,2023-07-02,21.431467661691542,75.00870646766168,8.406716417910447,8.822761194029852
172,2023-07-03,22.447354014598538,68.8220802919708,12.558394160583942,13.224452554744525
173,2023-07-04,18.71516245487365,84.34296028880867,16.942238267148014,17.987364620938628
174,2023-07-05,18.205535055350552,80.7730627306273,8.466789667896679,8.887453874538746
175,2023-07-06,21.07066189624329,69.83005366726297,15.8175313059034,16.686940966010734
176,2023-07-07,20.45390070921986,63.204787234042556,11.569148936170214,12.333333333333334
177,2023-07-08,18.95733082706767,74.28101503759399,2.392857142857143,2.545112781954887
178,2023-07-09,18.823561151079137,84.45143884892086,6.4586330935251794,6.796762589928058
179,2023-07-10,20.359403153153153,77.47381756756756,15.39695945945946,16.076013513513512
180,2023-07-11,17.851450511945394,88.70563139931741,5.663822525597269,6.049488054607509
181,2023-07-12,20.414690078679715,80.3747841105354,11.644214162348877,12.157167530224525
182,2023-07-13,18.534655172413792,90.90086206896552,9.370689655172415,9.86551724137931
183,2023-07-14,17.931088082901557,96.93868739205527,7.414507772020725,7.7426597582038
184,2023-07-16,18.723668639053255,85.32642998027613,7.9191321499013805,8.2465483234714
185,2023-07-17,19.11327777777778,82.29416666666667,6.238333333333333,6.455
186,2023-07-18,18.721291596164694,85.51833051325437,7.55668358714044,7.720812182741117
187,2023-07-19,21.71649335644136,72.7738301559792,12.006932409012132,12.289428076256499
188,2023-07-20,22.26449814126394,71.23420074349443,24.986988847583643,25.849442379182157
189,2023-07-21,23.308057179987003,63.21669915529565,24.996101364522417,25.920077972709553
190,2023-07-22,22.226835236541596,69.31647634584013,12.158238172920065,12.525285481239804
191,2023-07-23,18.255357142857143,91.42308897243109,2.3214285714285716,2.387218045112782
192,2023-07-24,20.11488430268918,80.24108818011257,6.4953095684803,6.637898686679175
193,2023-07-25,21.165611814345993,77.91591320072332,4.537070524412297,4.674502712477396
194,2023-07-26,22.401725200246457,75.51386321626617,3.2957486136783736,3.3382624768946396
195,2023-07-27,22.93688524590164,70.73284760170006,5.528233151183971,5.9489981785063755
196,2023-07-28,23.463147178592205,67.30599185573008,11.729493891797556,12.097731239092496
197,2023-07-29,24.734930777422793,65.68556975505857,10.170926517571885,10.472843450479234
198,2023-07-30,23.73733804475854,67.44375736160188,4.15547703180212,4.477031802120141
199,2023-07-31,22.2801912568306,74.19754098360656,9.719672131147542,10.02295081967213
200,2023-08-01,24.133333333333333,69.68896713615024,11.486697965571205,11.868544600938968
201,2023-08-02,23.695581655480986,65.70190156599553,11.95973154362416,12.332214765100671
202,2023-08-03,23.29712250712251,64.16068376068377,5.029059829059829,5.177777777777778
203,2023-08-04,24.724785637727763,64.06055734190782,3.982315112540193,4.07556270096463
204,2023-08-05,24.272322404371586,65.52103825136612,3.4901639344262296,3.560655737704918
205,2023-08-06,23.67241490044958,72.03403982016698,5.271676300578035,5.416184971098266
206,2023-08-07,24.14215530903328,68.90702588483889,2.7083993660855783,2.7987321711568938
207,2023-08-08,25.187330198537094,58.90543364681295,1.6300940438871474,1.6990595611285266
208,2023-08-09,23.165296803652968,62.91856925418569,2.3835616438356166,2.4140030441400304
209,2023-08-10,17.754351535836175,90.0938566552901,0.5546075085324232,0.5716723549488054
210,2023-08-11,17.695903010033444,92.13628762541806,2.5267558528428093,2.6655518394648827
211,2023-08-12,17.991557734204793,84.89978213507625,4.411764705882353,4.740196078431373
212,2023-08-13,22.553022300469483,71.13321596244131,9.617957746478874,11.71830985915493
213,2023-08-14,23.16804915514593,69.87019969278033,12.671274961597542,13.069124423963133
214,2023-08-15,22.76757955138237,66.9415753781951,7.003129890453834,7.190923317683881
215,2023-08-16,22.557825370675452,67.28693025809994,5.013179571663921,5.14497528830313
216,2023-08-17,22.243807215939686,68.58050619278407,7.995153473344104,8.172859450726978
217,2023-08-18,22.714242424242425,68.52314049586776,10.224793388429752,10.586776859504132
218,2023-08-19,23.787537993920974,65.9417426545086,5.826747720364741,5.957446808510638
219,2023-08-20,22.779202037351446,69.78268251273344,8.137521222410866,8.365025466893039
220,2023-08-21,23.47233436853002,69.79943064182196,6.535714285714286,6.732919254658385
221,2023-08-22,21.398499210110586,79.07266982622433,5.79304897314376,6.015797788309636
222,2023-08-23,18.075383304940374,90.98637137989779,2.0255536626916526,2.0954003407155026
223,2023-08-24,19.71875,81.70547945205479,0.9126712328767124,0.940068493150685
224,2023-08-25,21.017376445846477,76.87039957939012,3.7444794952681386,3.9053627760252367
225,2023-08-26,21.174319172113293,70.19607843137256,8.11111111111111,8.410130718954248
226,2023-08-27,21.697759856630825,69.89545997610513,6.767025089605735,7.062724014336918
227,2023-08-28,17.680506478209658,83.57332155477032,2.1925795053003534,2.2385159010600706
228,2023-08-29,18.26553905390539,85.75,2.2442244224422443,2.3217821782178216
229,2023-08-30,18.118786808009425,83.40636042402826,5.865724381625442,6.007067137809187
230,2023-08-31,18.74163851351351,71.7606981981982,6.875,7.173986486486487
231,2023-09-01,20.003555555555554,64.15324786324787,3.7264957264957266,3.864957264957265
232,2023-09-02,20.25011242270939,60.74761101742553,5.124789207419899,5.251264755480607
233,2023-09-03,20.839262536873154,73.56961651917405,3.150442477876106,3.2389380530973453
234,2023-09-04,21.742508143322475,76.54967426710098,4.245928338762215,4.343648208469055
235,2023-09-05,23.181188925081432,67.02768729641694,4.184039087947883,4.263843648208469
236,2023-09-06,22.77257062146893,62.58728813559322,4.228813559322034,4.323728813559322
237,2023-09-07,21.821224601867108,50.02073036792971,4.448105436573312,4.525535420098847
238,2023-09-08,19.593922984356198,54.814981949458485,3.252707581227437,3.324909747292419
239,2023-09-09,20.85664877757901,64.80888491353608,6.73345259391771,6.985688729874776
240,2023-09-10,20.450763358778627,64.73091603053435,7.931297709923665,8.17175572519084
241,2023-09-11,19.61586845466156,66.65708812260536,5.283524904214559,5.452107279693487
242,2023-09-12,20.588479952124477,68.00059844404548,5.495511669658887,5.718132854578097
243,2023-09-13,17.34732142857143,82.22008928571428,7.823214285714286,7.989285714285714
244,2023-09-14,17.22575175943698,72.3237364043506,0.5950095969289827,0.6046065259117083
245,2023-09-15,16.735545722713866,78.51917404129794,1.1646017699115043,1.2017699115044247
246,2023-09-16,19.425577557755776,82.52035203520353,3.9966996699669965,4.080858085808581
247,2023-09-17,19.879543930248154,79.27800134138162,7.533199195171026,7.758551307847083
248,2023-09-18,20.612244333886125,73.11608623548922,5.412935323383085,5.550580431177446
249,2023-09-19,18.728033916269208,77.44912559618442,11.262321144674086,11.553259141494436
250,2023-09-20,15.896983273596176,88.3984468339307,7.743727598566308,7.96415770609319
251,2023-09-21,16.780276816608996,64.25519031141869,1.6038062283737025,1.6453287197231834
252,2023-09-22,17.596344086021507,62.207795698924734,3.153225806451613,3.225806451612903
253,2023-09-23,17.565179063360883,61.63719008264463,2.6099173553719006,2.71900826446281
254,2023-09-24,18.106298975286315,53.12176009644364,1.2079566003616637,1.2314647377938517
255,2023-09-25,17.503038348082598,61.44896755162242,1.823008849557522,1.8637168141592921
256,2023-09-26,14.38098177542622,91.69370958259847,2.361552028218695,2.3897707231040566
257,2023-09-27,14.563534482758621,87.20775862068966,2.429310344827586,2.5051724137931033
258,2023-09-28,15.316697247706422,75.71192660550459,19.825688073394495,20.51743119266055
259,2023-09-29,15.49502487562189,61.606135986733,9.489220563847429,9.844112769485903
260,2023-09-30,13.612180579216355,76.51476433844407,3.545144804088586,3.705281090289608
261,2023-10-01,14.388173076923078,52.77980769230769,3.0307692307692307,3.1576923076923076
262,2023-10-02,13.023922187171397,51.895636172450054,3.9842271293375395,4.045741324921136
263,2023-10-03,11.84438202247191,61.04093097913323,4.500802568218298,4.563402889245586
264,2023-10-04,11.090382513661202,74.03005464480874,6.732786885245901,6.916393442622951
265,2023-10-05,9.61406071019473,40.86512027491409,3.515463917525773,4.099656357388316
266,2023-10-06,10.801694915254238,49.7319209039548,4.932203389830509,5.067796610169491
267,2023-10-07,11.44233111849391,56.4515503875969,4.724252491694352,4.8305647840531565
268,2023-10-08,11.38422674060382,63.26771410967345,2.6303142329020335,2.6913123844731976
269,2023-10-09,11.56360433604336,62.71680216802169,3.603252032520325,3.6666666666666665
270,2023-10-10,11.603598157743235,64.61096718480138,7.639032815198618,7.801381692573402
271,2023-10-11,12.109315375982042,57.67620650953984,6.590909090909091,6.877104377104377
272,2023-10-12,14.698114901256734,56.07749850388989,8.12028725314183,8.660682226211849
273,2023-10-13,18.175744800449692,61.528386734120296,10.613827993254638,10.917369308600337
274,2023-10-14,14.807298136645962,75.3325569358178,10.559006211180124,10.801242236024844
275,2023-10-15,16.446516983304548,70.4907887161773,11.507772020725389,11.801381692573402
276,2023-10-16,15.135636154289003,53.41738629821531,6.692573402417962,7.374784110535406
277,2023-10-17,14.16757528556594,49.10669781931464,4.577881619937695,5.009345794392523
278,2023-10-18,15.101530612244899,61.9906462585034,5.892857142857143,6.13265306122449
279,2023-10-19,16.201403777437466,82.90722307299642,13.601837672281777,13.92343032159265
280,2023-10-20,12.425,42.91059027777778,1.4635416666666667,1.5451388888888888
281,2023-10-21,10.927260981912145,49.44754521963824,2.4093023255813955,2.488372093023256
282,2023-10-22,12.597387847813742,60.56956274843839,3.8943781942078366,4.017035775127768
283,2023-10-24,16.50132625994695,70.74535809018568,10.177718832891246,10.448275862068966
284,2023-10-25,15.876786606696653,73.14117941029485,13.371814092953523,13.736131934032983
285,2023-10-26,17.013169642857143,78.06324404761905,27.677083333333332,28.514880952380953
286,2023-10-27,15.221230158730158,62.53881448412699,8.34375,8.757440476190476
287,2023-10-28,14.28590490053372,60.85225618631732,7.550218340611353,7.820960698689956
288,2023-10-29,15.453112274578244,57.7347294938918,7.003490401396161,7.160558464223386
289,2023-10-30,14.687749500998002,68.19061876247505,12.1062874251497,12.502994011976048
290,2023-10-31,15.318011958146487,73.71723966118586,21.1644245142003,21.724962630792227
291,2023-11-01,17.601602086438152,78.96783407848982,13.709388971684053,14.099850968703429
292,2023-11-02,19.513943028485755,70.02248875562219,9.812593703148426,10.035982008995502
293,2023-11-03,18.25873015873016,79.33333333333333,5.927083333333333,6.138392857142857
294,2023-11-04,16.963748763600396,69.1513353115727,8.664688427299703,9.617210682492582
295,2023-11-05,16.827123050259964,79.14413633737723,6.40207972270364,6.52686308492201
296,2023-11-06,13.39894894894895,80.19069069069069,2.433933933933934,2.6156156156156154
297,2023-11-07,6.130484757621189,57.42178910544728,2.386806596701649,2.545727136431784
298,2023-11-08,8.599398496240601,52.324812030075186,4.590977443609023,4.855639097744361
299,2023-11-09,11.642366224840453,68.71968581246931,8.312223858615612,8.69661266568483
300,2023-11-10,3.9770114942528734,48.255497251374315,3.0674662668665666,3.247376311844078
301,2023-11-11,2.155472263868066,42.468015992004,3.4782608695652173,3.6686656671664166
302,2023-11-12,2.04185667752443,49.62323561346363,3.9185667752442996,4.109120521172638
303,2023-11-13,2.513520157325467,49.99459193706981,4.971976401179941,5.200589970501475
304,2023-11-14,5.1394164193867455,61.394906033630065,6.206231454005935,6.534124629080119
305,2023-11-15,7.055498027613412,66.23002958579882,15.171597633136095,16.02810650887574
306,2023-11-16,7.126058394160585,76.52992700729926,19.30802919708029,20.221897810218977
307,2023-11-17,2.5784232883558222,58.75624687656172,3.0599700149925035,3.239880059970015
308,2023-11-18,0.7531571218795888,52.74596182085169,5.370044052863436,5.682819383259912
309,2023-11-19,7.0631711409395965,63.138702460850105,12.471476510067115,13.166107382550335
310,2023-11-20,6.472036768263184,54.70101596516691,7.4078374455732945,7.782293178519594
311,2023-11-21,7.375947521865888,56.863702623906704,9.314868804664723,9.78134110787172
312,2023-11-22,9.158770614692653,64.9080459770115,11.24287856071964,30.68815592203898
313,2023-11-23,10.284830339321356,70.13223552894212,27.0,63.35329341317365
314,2023-11-24,-0.40920471281296017,48.51006381934217,2.5390279823269513,37.263622974963184
315,2023-11-25,-1.173149528067561,39.62245404868356,3.0163934426229506,38.14605067064083
316,2023-11-26,4.423174872665535,39.83305036785512,6.5212224108658745,39.774193548387096
317,2023-11-27,6.504698318496539,73.776706231454,12.347181008902076,47.60682492581602
318,2023-11-28,2.1345504222553404,54.42747143566816,9.028315946348734,45.9150521609538
319,2023-11-29,-0.22176411794102946,54.29660169915043,3.5412293853073464,38.91004497751124
320,2023-11-30,-3.353794642857143,42.823660714285715,2.34375,37.430059523809526
321,2023-12-01,-2.395052833813641,48.78986551392891,3.674351585014409,39.210374639769455
322,2023-12-02,2.446764705882353,57.82401960784314,6.932352941176471,43.26323529411765
323,2023-12-03,1.8940554640307523,49.644426139483805,10.268533772652388,45.97693574958814
324,2023-12-04,3.2891478696741854,57.08546365914788,10.565413533834587,46.31729323308271
325,2023-12-05,6.87455223880597,50.48930348258707,13.392537313432836,50.52388059701492
326,2023-12-06,6.800741839762611,70.3545994065282,26.474777448071215,62.88278931750742
327,2023-12-07,6.595788939624557,57.43708777270421,6.115677321156773,42.951293759512936
328,2023-12-08,10.846216475095785,66.25502873563218,8.385057471264368,44.827586206896555
329,2023-12-09,12.821950617283951,78.75777777777778,16.783703703703704,61.72
330,2023-12-10,10.422241183162685,53.57906712172924,12.469283276450511,85.10580204778157
331,2023-12-11,8.90919540229885,76.68165917041479,1.8860569715142428,71.75412293853073
332,2023-12-12,5.776263362487852,68.44290573372206,2.8411078717201166,71.74781341107872
333,2023-12-13,6.929618768328446,67.21407624633432,5.653958944281525,49.813782991202345
334,2023-12-14,7.613699951760733,76.8234442836469,3.167872648335745,38.95658465991317
335,2023-12-15,4.286875321998969,90.46586810922204,3.2349304482225656,39.87944358578053
336,2023-12-16,-2.5545658682634733,69.06137724550898,4.085329341317365,41.08832335329341
337,2023-12-17,-8.691556655665567,45.08443344334434,2.942244224422442,41.29042904290429
338,2023-12-18,-6.832434514637905,40.261427837699024,2.5038520801232664,38.97842835130971
339,2023-12-19,-3.1475667189952903,54.20722135007849,4.226059654631083,39.795918367346935
340,2023-12-20,-6.483386496544392,61.888091440723024,11.331738437001595,50.609250398724086
341,2023-12-21,-10.541705069124424,53.80568356374808,5.602150537634409,78.3763440860215
342,2023-12-22,-10.596748591909883,48.17665130568356,5.591397849462366,76.80645161290323
343,2023-12-23,-5.897030209933436,49.17613927291347,6.3164362519201225,54.44854070660522
344,2023-12-24,-1.6865159128978224,67.5681183696259,7.527638190954774,45.448911222780566
345,2023-12-25,-0.30730253353204173,71.35767511177347,13.078986587183309,47.24292101341282
346,2023-12-26,0.2568218565397001,75.07462686567165,14.993317787018524,32.237970659367186
347,2023-12-27,2.5340178402948625,76.14671467146715,22.61225740212105,59.008409263263836
348,2023-12-28,3.1299808429118774,76.0617816091954,37.793103448275865,75.89655172413794
349,2023-12-29,3.101293103448276,65.16187739463602,12.068965517241379,47.827586206896555
350,2023-12-30,3.7274310595065314,69.25060474117078,17.940493468795356,54.50507982583454
351,2023-12-31,3.8501674107142856,88.19698660714286,20.635602678571427,58.273995535714285
352,2024-01-01,3.4948521916411823,74.45387359836901,14.489296636085626,52.67737003058104
353,2024-01-02,3.3217628705148208,66.44695787831513,16.171606864274573,53.75819032761311
354,2024-01-03,2.4119699409554483,71.66854535695116,16.14170692431562,60.94041867954911
355,2024-01-04,1.9429951690821254,63.493558776167475,18.690821256038646,89.54589371980677
356,2024-01-05,5.280124223602485,69.36723602484471,28.72826086956522,104.47049689440993
357,2024-01-06,1.1806593977154725,56.444963655244024,5.330218068535825,78.06697819314641
358,2024-01-07,-3.085252004581901,49.72938144329897,5.012027491408935,78.1786941580756
