ds,기온,상대습도,초미세먼지,미세먼지
2022-01-03,-2.4597281921965823,54.635579010158565,28.88119758620786,46.72834635804717
2022-01-04,-2.3794909220755738,53.628976534360014,28.436683884126232,44.48210405513073
2022-01-05,-2.4305582265948527,54.54618429624052,29.3737620466041,45.53630961074393
2022-01-06,-2.042034621912798,54.78372057400482,29.94849497034273,44.84749467681969
2022-01-07,-1.6948032419941192,53.1633512798517,29.87999643532234,44.034402156349884
2022-01-08,-1.5703755288521357,53.14528567066595,29.032925847485892,41.710597077502
2022-01-09,-1.36603858871419,52.76566443810938,27.649613886411952,39.448348527165834
2022-01-10,-1.0423390161735107,53.175786624486214,25.766379568488432,35.32096845889257
2022-01-11,-1.1170658146819061,52.1055855412758,24.580619078086215,32.62015579999801
2022-01-12,-1.336828536230204,52.97113436644701,24.868435793241947,33.41179738130771
2022-01-13,-1.125551636781415,53.16809975082887,24.8989408613228,32.65540529322653
2022-01-14,-0.958888600646226,51.517348961677605,24.401799414844483,31.968666449081248
2022-01-15,-1.0132082499750936,51.47817026951216,23.249487495088204,29.960089303412236
2022-01-16,-0.9808736286438862,51.08578212498189,21.689248629695197,28.19301603761622
2022-01-17,-0.8178487250797932,51.49057741292159,19.759314631044973,24.728182759610732
2022-01-18,-1.037792415843084,50.42161297694407,18.655973108325252,22.841370547191595
2022-01-19,-1.3837328854889588,51.29412526790224,19.151251291824067,24.579591080848807
2022-01-20,-1.2766411078064035,51.502990765163325,19.50734372956144,24.880976712599804
2022-01-21,-1.1899050487361738,49.868337134180635,19.444355237797904,25.33983927070893
2022-01-22,-1.2983556801600198,49.84876535066111,18.82281865793418,24.539869646460822
2022-01-23,-1.293564463329849,49.478858920196465,17.875969198516163,24.01873249256905
2022-01-24,-1.1314474456643087,49.90842708925955,16.626331309517994,21.81122388642901
2022-01-25,-1.3263358371349838,48.865992844056954,16.253190747640605,21.16751977116391
2022-01-26,-1.6226073896229192,49.76630711946085,17.510710653144237,24.109943975639364
2022-01-27,-1.4431987778081758,50.003808362673624,18.64280777100251,25.553411193433774
2022-01-28,-1.2640027459794716,48.39823384510829,19.351348432730262,27.070995575543858
2022-01-29,-1.26280364005755,48.40784324360838,19.479112067232887,27.22758457935524
2022-01-30,-1.1344738586176017,48.066930809571005,19.242492533882867,27.544861501715516
2022-01-31,-0.8384695004218692,48.525073069405806,18.648482345925164,26.0447754688864
2022-02-01,-0.8927883726001564,47.51062276518062,18.862502459951024,25.968019656628503
2022-02-02,-1.045488047203067,48.43823023493741,20.626827627531355,29.33094172109611
2022-02-03,-0.7230874964803338,48.702311038681415,22.17571600606839,31.04603932264329
2022-02-04,-0.4048592753636715,47.12266575185543,23.203796787595103,32.68749131040478
2022-02-05,-0.27166885284044895,47.1577119151688,23.549159479264603,32.824686457328994
2022-02-06,-0.0210863049906429,46.84200383796686,23.426112814007347,32.98699774039796
2022-02-07,0.38518905297605066,47.32548654668079,22.84215790977498,31.206967646881687
2022-02-08,0.4274260727035948,46.33699392498848,22.96573976224558,30.73843394406548
2022-02-09,0.35638215986548616,47.29177160472735,24.544530277106613,33.61303026126028
2022-02-10,0.7449222666471691,47.58494282673112,25.820356442768976,34.760226142920985
2022-02-11,1.113729217064483,46.03712269008991,26.497333846289933,35.7723699939273
2022-02-12,1.2824490028996767,46.1076403873934,26.424656955688675,35.237710376662136
2022-02-13,1.554546606385955,45.83204486776101,25.829023051481204,34.704657564705556
2022-02-14,1.9698330409732776,46.3613401206866,24.731244185225208,32.22446470029012
2022-02-15,2.010500311873633,45.42546019987583,24.31362158337273,31.068871435671188
2022-02-16,1.9295673632193768,46.440764799163524,25.337846315644494,33.286157061492574
2022-02-17,2.3024150906835192,46.80347403539406,26.059550421565532,33.82077930518922
2022-02-18,2.6524058556460695,45.33524852501636,26.19607897410523,34.27807231111272
2022-02-19,2.8019340180539363,45.49637486346356,25.608944185391863,33.25698763812973
2022-02-20,3.05718600460977,45.32323342053466,24.535947239715057,32.31414667299812
2022-02-21,3.460573558948747,45.967495161948335,23.00752995260591,29.506388180434588
2022-02-22,3.496679734550728,45.15955904004173,22.213937075081944,28.108356100725654
2022-02-23,3.4206233775178667,46.31601192792611,22.9229579998373,30.168574600716667
2022-02-24,3.809522600823623,46.833030993066096,23.39437540962645,30.62918437572839
2022-02-25,4.188054782034079,45.53193576888586,23.347693030200297,31.090809421000127
2022-02-26,4.379461310988571,45.87235147250837,22.644603580375005,30.145531867710417
2022-02-27,4.6902768816520215,45.889661013311326,21.52118094028951,29.341235245751662
2022-02-28,5.162747784198646,46.734193876316866,20.004355355793653,26.724490386134576
2022-03-01,5.280779082890866,46.13466391314997,19.279247751853763,25.558518305270198
2022-03-02,5.29831626092338,47.50563862188487,20.107125835532464,27.879665413515347
2022-03-03,5.790841187751065,48.240960130928016,20.740102323993113,28.617552816529916
2022-03-04,6.280978839105517,47.15932520991255,20.88913934903622,29.36035649163158
2022-03-06,7.020428192264178,47.947745995963054,19.51980140173241,28.137793876584105
2022-03-07,7.61292208222985,48.99720601982274,18.24568025356875,25.745828303596614
2022-03-08,7.847922495532741,48.59125903697187,17.760535460024574,24.767071408856
2022-03-09,7.976315348209747,50.14112732088071,18.817204142623943,27.23117238384865
2022-03-10,8.57057867446495,51.03735341600169,19.660221945020773,28.062981152247037
2022-03-11,9.150477163977484,50.09545301693291,19.99404501300007,28.84795093917901
2022-03-12,9.534209788034978,50.76918898422947,19.665991305022757,28.165569790584048
2022-03-13,10.023285972775653,51.08814159872772,18.898871328018128,27.554068741361014
2022-03-14,10.655090360441358,52.19702057647316,17.707854474096305,25.05357107148199
2022-03-15,10.9089716808851,51.819227990545386,17.268135999526564,23.924210334590715
2022-03-16,11.034757137189949,53.36445159306641,18.33315826507135,26.20264917982351
2022-03-17,11.604368289185684,54.22220559521878,19.14949967482618,26.82216076435074
2022-03-18,12.137531414205,53.20752305734317,19.424990840745366,27.377732921386507
2022-03-19,12.452926120079539,53.77425814862387,19.01150824307755,26.459166994034597
2022-03-20,12.853047786760333,53.95267233157103,18.137420696704723,25.615429515633625
2022-03-21,13.376744432299645,54.88874925543507,16.824241072829974,22.897432301531865
2022-03-22,13.505264497683017,54.30774707235777,16.254055481533136,21.575780106041208
2022-03-23,13.490718306202666,55.62176761365018,17.187491312384388,23.696929284312887
2022-03-24,13.907630871295297,56.22325976283823,17.87834577317866,24.202930341110203
2022-03-25,14.278581003385272,54.93066182179887,18.04144279838006,24.696224923104232
2022-03-26,14.425272680952832,55.20164211821308,17.535176839475632,23.772478570872465
2022-03-27,14.65331660246736,55.0706132243267,16.593726735429165,22.984715555239266
2022-03-28,15.004684932625729,55.68796618088848,15.243499409915563,20.385938009056765
2022-03-29,14.963678158306811,54.783535306958456,14.670382088857624,19.246773465444047
2022-03-30,14.785309160561473,55.7740751089558,15.637569921870252,21.611597369276044
2022-03-31,15.04678438639144,56.0566688579455,16.400094971330503,22.418304654219792
2022-04-01,15.273079074470072,54.4542759607831,16.672627476073586,23.263200204358483
2022-04-02,15.287954238902373,54.42887973772919,16.312009563637353,22.7339868585853
2022-04-03,15.39869475233671,54.01891331119039,15.54950485273267,22.374112785568187
2022-04-04,15.648532613112076,54.378412241552745,14.407322517191721,20.22565423982034
2022-04-05,15.522594999243497,53.240406571475425,14.065991952405348,19.547270105557573
2022-04-06,15.276282510315378,54.02433567089823,15.282351079814763,22.37066577112947
2022-04-07,15.486757367563069,54.12940704515304,16.304269233816505,23.620730425097868
2022-04-08,15.678538025490875,52.38010752352794,16.83866950138053,24.880806834024405
2022-04-09,15.67454702494693,52.23932937496574,16.73430382205164,24.726061104423383
2022-04-10,15.78089021590657,51.745789609301255,16.21425680495838,24.688203016987085
2022-04-11,16.039329924705726,52.05319125419359,15.292728958824888,22.798721952198747
2022-04-12,15.933289915307284,50.89363902226963,15.142667450171587,22.307164377108606
2022-04-13,15.716295600421901,51.685092099932575,16.513999493749054,25.237880902376972
2022-04-14,15.963527211129449,51.824774190804966,17.648581720452018,26.510398572345945
2022-04-15,16.19748025519795,50.13474783036029,18.24842335789192,27.70487044416197
2022-04-16,16.23907798438679,50.07511380086461,18.158630271226368,27.395564536548633
2022-04-17,16.39251196739286,49.681511911679394,17.600040524368122,27.11563906723627
2022-04-18,16.69777145362271,50.10436972058907,16.586097983726585,24.900367184699103
2022-04-19,16.636697688392115,49.07240923656073,16.290529153447267,24.0053372569938
2022-04-20,16.461465198564106,50.000191866926315,17.465576755044317,26.463058721825803
2022-04-21,16.74616661570934,50.281619248235494,18.35690318773249,27.203132997946337
2022-04-22,17.01249455389933,48.73559452763669,18.671722883788544,27.817447081098845
2022-04-23,17.08086480019063,48.819302587248934,18.261613137813345,26.893359039376826
2022-04-24,17.255256814126174,48.56578331829327,17.354977877528416,25.978130821267644
2022-04-25,17.575732482110578,49.12324260167751,15.973715867428007,23.121781189872507
2022-04-26,17.52446989661384,48.21860940980348,15.300664516624396,21.5948952898697
2022-04-27,17.354215113637448,49.26511800620575,16.0975796219676,23.444831830254596
2022-05-01,18.136976035479655,48.21025399794382,14.657235087009669,21.039640569134818
2022-05-02,18.452133579664675,48.84064005008905,13.032574342303604,17.88685481764549
2022-05-03,18.39664477171138,48.00243842089247,12.16609555303154,16.153038204018763
2022-05-04,18.224196272887987,49.1106672942009,12.824644762183546,17.889797025932364
2022-05-05,18.51045016344681,49.56044059634232,13.267165311999063,18.042909708059987
2022-05-06,18.778644809634415,48.17256385677556,13.21245163241902,18.217099104043527
2022-05-07,18.85063991669733,48.40672933974484,12.521628718307856,17.008887806851426
2022-05-08,19.031684657365574,48.298987234904885,11.43034157265864,15.970800899233932
2022-05-09,19.362872489685927,49.00094071438991,9.965214248629989,13.154095133476424
2022-05-10,19.327121787049833,48.24317679915326,9.311155894153714,11.826554212754997
2022-05-11,19.177587192259143,49.44271581247253,10.229278268351884,14.028791232676163
2022-05-12,19.489180986245437,49.996400112214616,10.971547237644879,14.694225973467091
2022-05-13,19.784200448709814,48.726430167946155,11.248734775399036,15.414199769249258
2022-05-14,19.883407581043755,49.09351031787943,10.91312646744869,14.77119904753675
2022-05-15,20.090838879406046,49.13428238566418,10.190962167996474,14.30344156347817
2022-05-16,20.44630731642139,50.00049599800601,9.099162132644581,12.047993535496474
2022-05-18,20.29811255965345,50.816335322419995,10.083836976617121,13.964084376310485
2022-05-19,20.62008379479074,51.577857807082154,11.154958110372394,15.085198251776431
2022-05-20,20.918614386270754,50.52758516426684,11.728858822541733,16.203502572037372
2022-05-22,21.20853928627593,51.40217698937178,11.140556533200138,15.685850620761155
2022-05-23,21.542827088470283,52.51058643774681,10.21090741052529,13.614483184267073
2022-05-24,21.498054673336405,52.177009140063944,10.033741623170176,12.931015392544078
2022-05-25,21.32637519741677,53.814847407334135,11.359131761874966,15.663369847017496
2022-05-26,21.60210316699095,54.81684814170419,12.43012832725821,16.735668187015257
2022-05-27,21.847390755315125,54.00074391457028,12.95095230213822,17.73355015203924
2022-05-28,21.88333968813225,54.822513827502085,12.769874263517199,17.237499270166897
2022-05-29,22.01482684284323,55.313938751034804,12.111752873980642,16.7874272647783
2022-05-30,22.283004702253415,56.62189601985402,10.994782448003388,14.425686403834034
2022-05-31,22.171313679725266,56.47190234778911,10.598018834857795,13.415042535778557
2022-06-01,21.93390956669984,58.27568421109268,11.67944193555316,15.795045955131204
2022-06-02,22.147184241647857,59.42469262151024,12.490673396200835,16.50196697472687
2022-06-03,22.335375023696823,58.73576646208466,12.744914333332753,17.133761219092282
2022-06-04,22.321609034812752,59.66440282493637,12.299558766272185,16.2830410336369
2022-06-05,22.412660850784288,60.24230875360397,11.388463389424958,15.501315174524494
2022-06-06,22.651386781992098,61.61667968837649,10.038431222301067,12.841675711625301
2022-06-07,22.522674990159572,61.51371400484465,9.436486052997271,11.576473953129602
2022-06-08,22.281816800374724,63.346143908195934,10.34770327353026,13.75343070021345
2022-06-09,22.505979306124914,64.50670097583566,11.029722325341712,14.315354748536624
2022-06-10,22.719776394701544,63.81372220700565,11.200511487223388,14.864940371988968
2022-06-11,22.746286027452918,64.72435696722054,10.720845589054464,13.99762443309335
2022-06-12,22.89179320096853,65.27205138082795,9.826481083308472,13.265767954059466
2022-06-13,23.19822270959205,66.60575775608905,8.544588594831032,10.72134210718757
2022-06-14,23.149101297603217,66.45338078218028,8.061021159685446,9.633659802290204
2022-06-15,22.997954526391048,68.22924309892267,9.138183726100685,12.045595925758079
2022-06-16,23.315080072443912,69.32749078860495,10.029663375844297,12.893466351145634
2022-06-17,23.62738334102906,68.56764672358412,10.448010489325322,13.772031245434455
2022-06-18,23.755242705367365,69.40777406604239,10.24748344019222,13.267596845018819
2022-06-19,24.00206142575404,69.88192801441879,9.656380584598342,12.922473021400577
2022-06-20,24.406778791781385,71.13934464063183,8.693691774992185,10.777958251282778
2022-06-21,24.44991578949607,70.90787940873398,8.536605491021964,10.092384254740795
2022-06-22,24.38205820606273,72.60147841488639,9.938630069912492,12.897654133821433
2022-06-23,24.77545427087818,73.61360289750048,11.144445483613541,14.119434874325549
2022-06-24,25.14972049220863,72.76281453317947,11.858046234198623,15.342460709018198
2022-06-25,25.322999684358678,73.50598290358494,11.92562470598158,15.143912992747264
2022-06-26,25.596846512000866,73.87579198350733,11.56816741296669,15.058126115930708
2022-06-27,26.00880043354892,75.01999281237057,10.7983118774014,13.119784243479778
2022-06-28,26.038481381267413,74.66491295028305,10.788029940542497,12.58213546113671
2022-06-29,25.936109370027204,76.22300349068949,12.286891009794624,15.473652783171563
2022-06-30,26.274123787617185,77.08634170333976,13.53701774692617,16.718299923017216
2022-07-01,26.572895100765436,76.07229421440432,14.241291973154022,17.900856852600818
2022-07-02,26.651872502421725,76.63679944613789,14.246258557410732,17.60027084394484
2022-07-03,26.81444283410853,76.81194353131451,13.774699418085264,17.35428406062858
2022-07-04,27.100461155998083,77.74527434067342,12.842426331456302,15.202505462909695
2022-07-05,26.99228926948276,77.1633618914147,12.625860536246563,14.404457917394934
2022-07-06,26.743244805679815,78.47938384337472,13.880155985737844,16.996035464284137
2022-07-07,26.929138473089886,79.08665242782978,14.853983152668635,17.909535156901953
2022-07-08,27.060301874838828,77.80428638233849,15.257574055182193,18.73872582214729
2022-07-09,26.97341461196833,78.09048573744926,14.945294463527734,18.071927344630076
2022-07-10,26.975483424383036,77.98008325112798,14.148097810608528,17.45635978818236
2022-07-11,27.10986200400133,78.6238172507783,12.890040751823259,14.94093846641503
2022-07-12,26.862188110916875,77.75183476086039,12.355623403392787,13.79405403999477
2022-07-13,26.4887361260873,78.78120475062167,13.307680640011208,16.059780385454573
2022-07-14,26.56786552033666,79.10935945817974,14.00194819196777,16.67768181659435
2022-07-15,26.625562885009813,77.5596694257959,14.15487299727949,17.247688342249365
2022-07-16,26.486426002804848,77.5946125401816,13.626127348254482,16.363017884206634
2022-07-17,26.458370141813305,77.25321368166342,12.65081047756957,15.574408936648778
2022-07-18,26.585021546591797,77.69020277409737,11.255897191561427,12.932842667777123
2022-07-19,26.351638645155198,76.6394033472075,10.627511531535841,11.707295092849932
2022-07-20,26.013467283318477,77.52113475422809,11.528791090325633,13.940962238514423
2022-07-21,26.14721064583655,77.73554930201541,12.214466193485332,14.571128690404443
2022-07-22,26.276611144947797,76.10811312427268,12.398722661843914,15.194145706325026
2022-07-23,26.223491849841736,76.10269408779722,11.937805776371947,14.398494094138151
2022-07-24,26.29253621452345,75.75893604156127,11.062346057704426,13.72919051509944
2022-07-25,26.52376916724665,76.23136953213543,9.793962418195132,11.230710453875155
2022-07-26,26.39857773461552,75.25277298029869,9.312715728816801,10.164961971518274
2022-07-27,26.16817479405949,76.24156883280179,10.375172754803447,12.56774610016575
2022-07-28,26.40518359934554,76.59517675618142,11.229198437208789,13.368866882877033
2022-07-29,26.62933713218076,75.13553291683361,11.582038637075298,14.157349752078026
2022-07-30,26.641405984984022,75.32223823611518,11.28364067703835,13.514736088433438
2022-07-31,26.759782755318625,75.1900139165885,10.557703172022148,12.979705604584439
2022-08-01,27.02137751815195,75.88791274235355,9.419969016295536,10.591193365419649
2022-08-02,26.90496461040225,75.14279797176856,9.045363736868381,9.606529850648371
2022-08-03,26.659728851972595,76.36687163600723,10.186216141072652,12.05803515070982
2022-08-04,26.856916842719425,76.95117116152058,11.08717811744911,12.87322657625782
2022-08-05,27.01558528766615,75.7112398383158,11.453401986796159,13.640095810450013
2022-08-06,26.95378896360716,76.1004302185574,11.133423567341035,12.940422103623117
2022-08-08,27.11309621827699,76.9960480935879,9.1255137486543,9.803561068342384
2022-08-09,26.853618243469306,76.36798888615236,8.632322160583229,8.66908583722925
2022-08-10,26.447089196597524,77.67135890690018,9.62812285107254,10.94799808967569
2022-08-11,26.468180994970723,78.29385489388677,10.36213727565039,11.573347632688815
2022-08-12,26.439856486674962,77.04861526655444,10.544863103373984,12.13927753325066
2022-08-13,26.184453906685956,77.3875979949421,10.030785512097491,11.23413676325487
2022-08-14,26.008473401183267,77.33924161585581,9.050748394852196,10.404869340226437
2022-08-15,25.955028049868044,78.04785213352952,7.62854008161866,7.699854637701234
2022-08-16,25.509797972133597,77.23722253570462,6.948267606490886,6.386736426551398
2022-08-17,24.929392569051547,78.3182624941643,7.772282361645324,8.50868183326296
2022-08-18,24.792801018663084,78.6825538826605,8.355779803995253,9.0042402425141
2022-08-19,24.626928504785415,77.14803541419349,8.41464166690033,9.47226932060377
2022-08-21,23.994078909130295,76.79000004931706,6.770361084859777,7.651842248626686
2022-08-22,23.88176535885721,77.15234402316405,5.328282641658058,4.963090558597717
2022-08-23,23.407749684009886,75.99029855235167,4.667457745052154,3.7067670201277636
2022-08-24,22.815545073524863,76.7221736044084,5.55101758002492,5.925345931188744
2022-08-25,22.69772552128565,76.74697304887715,6.2331289342292875,6.555548708504205
2022-08-26,22.580212849042706,74.88989765743793,6.42782740773622,7.193335296729755
2022-08-27,22.287016038281074,74.61543754810909,5.991296019089961,6.426972837500058
2022-08-28,22.12495905045771,73.96473310558007,5.154183861175124,5.801440356949934
2022-08-29,22.136110311721115,74.09465459253302,3.9381980796019356,3.3613430230873096
2022-08-30,21.803753381238913,72.741114927981,3.523542786772442,2.368870587345704
2022-08-31,21.380803714969446,73.3264010110071,4.666965526700965,4.860236535837927
2022-09-01,21.441350424548723,73.25244689085714,5.616529994772584,5.765761764749998
2022-09-02,21.506318242138573,71.34625940930039,6.079677896353749,6.675062401936437
2022-09-03,21.3945949446467,71.07296110275747,5.906031580859303,6.1703106309292295
2022-09-04,21.407900491484213,70.47313083440861,5.319912107658427,5.790821244481609
2022-09-05,21.583358325374178,70.70189307295523,4.337122553856096,3.5761318240896554
2022-09-06,21.3996043615975,69.49227022080352,4.132564239436112,2.78410606618246
2022-09-07,21.105334655214392,70.26258252076805,5.458440999898841,5.447492405207475
2022-09-08,21.270966906929054,70.40981723531628,6.55916534788441,6.494098224683567
2022-09-09,21.41440757008937,68.75517539751941,7.139525318200947,7.512036713795398
2022-09-10,21.352266754244273,68.75725793234861,7.0475604424465175,7.083013694489262
2022-09-11,21.384794601061806,68.4495680424743,6.507119317173125,6.746906690852406
2022-09-12,21.54849755935303,68.97977670372929,5.534647447866799,4.544804764218352
2022-09-13,21.322268678226713,68.07326121007713,5.3067730157332,3.7370403172490345
2022-09-14,20.95593216139008,69.14069655877235,6.578446767819026,6.359647694019515
2022-09-15,21.01812484820048,69.571616479234,7.597841707550298,7.344412445382982
2022-09-16,21.033269179730382,68.18014748693642,8.07412601013025,8.283972678255427
2022-09-17,20.821456816846933,68.41837295243107,7.8604586441421285,7.764944803671627
2022-09-18,20.687042868686603,68.3139994936088,7.186287961593666,7.3323314226638505
2022-09-19,20.671149531800154,69.00976830603327,6.073955864371905,5.032385623545583
2022-09-20,20.257668755751517,68.22711760035469,5.706091367796589,4.130468746865187
2022-09-21,19.70166768062636,69.37387272827199,6.843555901544748,6.667342205978345
2022-09-22,19.580875790139945,69.83787823657055,7.740062537128329,7.5790627147833405
2022-09-23,19.4212502517477,68.43277338280004,8.110037157613347,8.461947362762086
2022-09-24,19.04796714586504,68.6113670121416,7.811179820442613,7.905585259025509
2022-09-25,18.770118413211,68.4032838120482,7.076708855135233,7.457157118275971
2022-09-26,18.63307957641209,68.95432506271779,5.931846411366303,5.1642398210397165
2022-09-27,18.124389275792662,67.99005134466574,5.561122775157429,4.292634789458633
2022-09-28,17.5020478810207,68.92336583036658,6.726264655392872,6.8826615245483875
2022-09-29,17.345917196572945,69.14801514491616,7.680791463927444,7.869085362689793
2022-09-30,17.183220276165045,67.48421270287827,8.137888350376045,8.84614455745017
2022-10-01,16.83949098759241,67.39184433425525,7.953013872207225,8.400651078774915
2022-10-02,16.623254434783124,66.90793256710846,7.356223364056334,8.076423255341922
2022-10-03,16.57840387090806,67.18580735931583,6.36876417910378,5.917223235420767
2022-10-04,16.19011500108356,65.95849561700582,6.170516589541947,5.184733376122395
2022-10-05,15.713204077184187,66.6461130771142,7.518041137395971,7.9150076581334865
2022-10-06,15.723610247363213,66.64918043528259,8.659351304263105,9.038561593058525
2022-10-07,15.743998965047428,64.79407333715426,9.302104247861324,10.145559984802723
2022-10-08,15.594833294742433,64.54607047616075,9.296012718274714,9.819071221975424
2022-10-09,15.579190896211099,63.94668012170801,8.865750116822117,9.599640764021352
2022-10-10,15.73528857370064,64.15269638250476,8.027601257175494,7.528351720785436
2022-10-11,15.542551216256674,62.89950039042508,7.957075073569824,6.864902171653883
2022-10-12,15.250127251747363,63.608392172622956,9.407104566099404,9.644131593739719
2022-10-13,15.428526708198412,63.67987654562084,10.622947654534663,10.796157016502292
2022-10-14,15.59537435180031,61.93911333689833,11.310347515937814,11.91157639319721
2022-10-15,15.566620557689072,61.84899605883452,11.318400594857323,11.57470705565558
2022-10-16,15.641483790167694,61.44753852040706,10.872104466537833,11.328112172467444
2022-10-17,15.855083053266807,61.88701901718465,9.989133942659892,9.215584489084073
2022-10-18,15.684594098437646,60.89739497279665,9.8474127823412,8.500119410739236
2022-10-19,15.377829041112356,61.893770824613796,11.203236952566808,11.220313209908944
2022-10-20,15.504913649159473,62.269838956188906,12.306065207507723,12.310351272945185
2022-10-21,15.58405363482,60.84349998531554,12.866538774773868,13.36504892626906
2022-10-22,15.43273219440604,61.07012217677551,12.739182576367334,12.972918352118084
2022-10-23,15.352612999322382,60.98011486442631,12.154765307447775,12.680520569516593
2022-10-24,15.382108057103519,61.71826079801333,11.136872657406453,10.535278029279693
2022-10-25,15.00244598919121,61.007315560643455,10.86926750613512,9.803286161802468
2022-10-26,14.466142791125606,62.25565224195533,12.113799888283474,12.525565733920274
2022-10-27,14.348552339078793,62.85086679868548,13.12498951105227,13.637926593923149
2022-10-28,14.1734914789523,61.60554638795916,13.617849578284117,14.735910401623896
2022-10-29,13.764285852818114,61.970656865986456,13.450411042107339,14.407790121966887
2022-10-30,13.428514873540063,61.97322129544422,12.856275858145517,14.198888579880443
2022-10-31,13.21041965276675,62.755731943474295,11.860033824987054,12.154393870064052
2022-11-01,12.596813871265237,62.03980214621099,11.645571938305427,11.537211031941752
2022-11-02,11.845404032030412,63.233835157828594,12.9735922232572,14.384291680277075
2022-11-03,11.5362005434926,63.726625070353826,14.096188513725405,15.626610746250675
2022-11-04,11.197018344385894,62.33309246698355,14.724707089853556,16.85425525972882
2022-11-05,10.65441668354787,62.5076120835313,14.712350183805096,16.649599099517374
2022-11-06,10.218359409971724,62.2816060716661,14.286504440161075,16.55182106918917
2022-11-07,9.934561925972764,62.80284771131344,13.465351378142955,14.59993819624331
2022-11-08,9.290366478222165,61.79898486067654,13.425334329060226,14.05088697780493
2022-11-09,8.543053202346048,62.68506363908237,14.919243101214223,16.936086982238102
2022-11-10,8.27126860718651,62.856971178655265,16.191035442957638,18.181648300992986
2022-11-11,8.000569705195517,61.13700412871082,16.943958242067747,19.373679977543876
2022-11-12,7.554432167779476,60.98702437313414,17.023419806375763,19.091665635885825
2022-11-13,7.239001931877312,60.44587979570049,16.649587220479425,18.873156307771733
2022-11-14,7.09555384128674,60.66853912829089,15.834257544112242,16.75694558480641
2022-11-15,6.606495860073436,59.38945419887611,15.748569099516647,16.001253861765395
2022-11-16,6.023822656382265,60.0299338434299,17.14130617794787,18.640351146776
2022-11-17,5.920696247077983,59.99145173624655,18.253908860437036,19.604776203355794
2022-11-18,5.817147647718389,58.10109780952036,18.7887442925486,20.486606774998073
2022-11-19,5.531243498049024,57.82463721014287,18.592085147770888,19.872746202406688
2022-11-20,5.363992657433353,57.20385656352014,17.88676483731279,19.30947705287143
2022-11-21,5.35195202176042,57.39564792317728,16.690071858119204,16.84544907012552
2022-11-22,4.97336599468244,56.13534445167879,16.178364175897165,15.749631894193646
2022-11-23,4.476739629735865,56.844092212508514,17.10832419264286,18.06766725681476
2022-11-24,4.432519812206972,56.92217982754826,17.73080003174876,18.741784887496674
2022-11-25,4.358875624133378,55.194534595250495,17.758876108995103,19.375744624918198
2022-11-26,4.072919678775882,55.123847399401974,17.050606416162676,18.567778750542004
2022-11-27,3.8756439061136234,54.748004074468945,15.841385885724314,17.8747946398293
2022-11-28,3.8045282421358966,55.219271082130994,14.160512542474454,15.355015016151949
2022-11-29,3.3396565847400144,54.267746677982394,13.198513131864193,14.285596492586869
2022-11-30,2.7322407114927643,55.30885881367383,13.724994362536133,16.71867119536521
2022-12-05,1.28292701907497,55.482702746534834,9.853989207172166,15.988168212210976
2022-12-06,0.6538174989403949,54.87494231594537,8.98431949494463,15.578007945869194
2022-12-07,-0.10771661301325608,56.241134985612774,9.705768595220478,18.739915462862115
2022-12-08,-0.4222052963324323,56.97064322016947,10.281336835097667,20.408015649753565
2022-12-09,-0.7620746829972411,55.87785189095639,10.43281940809179,22.17360800924219
2022-12-10,-1.3006862355328739,56.415495093452755,10.023194047351822,22.618201618846985
2022-12-11,-1.727665410457993,56.61226926529108,9.288737029344057,23.27792737266887
2022-12-19,-4.445013336310717,59.892323148969346,12.187003742416717,32.339441375401904
2022-12-20,-4.813718456972772,59.30492734637067,12.757357945680752,32.818438033506204
2022-12-21,-5.2533285522796,60.626892369305686,14.899624434964686,36.65632053180074
2022-12-22,-5.188621199713291,61.25105644194291,16.845690686760346,38.761575774149435
2022-12-23,-5.0977041466446185,59.996126668444596,18.286691949034633,40.704021061043804
2022-12-24,-5.160913131492949,60.31987174223744,19.058201145493506,41.051175006051835
2022-12-25,-5.075965251702213,60.256593484040295,19.36690534319436,41.32510640805842
2022-12-26,-4.805407016100656,60.9563253746439,19.213871674985874,39.55392069628056
2022-12-27,-4.870521179509485,60.14827021770456,19.76040335158106,38.98740697415614
2022-12-28,-5.022791045116978,61.24825963996266,21.746514655200237,41.65377233383499
2023-01-02,-3.5443709573020357,60.54332229810571,23.46010471189946,37.523230564897716
2023-01-03,-3.507232831240877,59.55803277547428,23.195631079617137,35.489515489430005
2023-01-04,-3.5954920274319377,60.49392297207989,24.309159591591097,36.73024802871902
2023-01-05,-3.238928282011786,60.747583912710894,25.05307968775317,36.1985955617054
2023-01-06,-2.9192095954242223,59.14088567694182,25.143008612308005,35.510536772428786
2023-01-07,-2.818719624263089,59.13416668048258,24.44036928305485,33.277535729317975
2023-01-08,-2.635680795427671,58.763715573198276,23.184592511928475,31.070471510535683
2023-01-09,-2.3316126354835234,59.18099236634719,21.40950214002731,26.96200796620613
2023-01-10,-2.425288660532509,58.116099100778506,20.310461716479892,24.24395124233078
2023-01-11,-2.6642886720139245,58.98528083261301,20.662050693981627,24.983046235549203
2023-01-12,-2.473468162897065,59.1843753318307,20.732398351388703,24.140391685352498
2023-01-13,-2.329349060702677,57.53441705138043,20.25074972658214,23.335950241916215
2023-01-14,-2.4090848437077366,57.49485506891229,19.08972817991654,21.181139456043798
2023-01-15,-2.4057209695910107,57.101060512085596,17.49728345749567,19.24277341742642
2023-01-16,-2.2757863463160337,57.50356969189146,15.512890115669546,15.58553938020297
2023-01-17,-2.5333755952595,56.431573051312206,14.334579456962048,13.489554329316046
2023-01-18,-2.921815624024111,57.30043067949455,14.736575576690988,15.006447632363425
2023-01-19,-2.862235243613643,57.505132925428526,14.983664396719433,15.079142234581205
2023-01-20,-2.828039524290306,55.865911952343154,14.802131782224276,15.319656296957518
2023-01-21,-2.9939398999217577,55.84146435348669,14.052416527679021,14.30362591662662
2023-01-22,-3.0512594860147377,55.46646082505869,12.971093196749136,13.573354539988651
2023-01-23,-2.9555484617377257,55.8907897113881,11.58411171441272,11.168011200119528
2023-01-24,-3.220668991397753,54.8430451246837,11.074184179825567,10.341782210938177
2023-01-25,-3.5904435374997927,55.73804099904364,12.198816825301444,13.12055264383414
2023-01-26,-3.4871862250576466,55.97027019176466,13.205105428935447,14.422275045759509
2023-01-27,-3.386120432960821,54.359514996984416,13.797855863914373,15.822477823982908
2023-01-28,-3.4643356088319504,54.36406962124192,13.822479456169637,15.88787429361172
2023-01-29,-3.416005204841227,54.01825097170064,13.497635133823536,16.141316782004345
2023-01-30,-3.1999033794972718,54.47164476614137,12.83216486901051,14.60525507997725
2023-01-31,-3.33338301965245,53.45259776009298,12.992886225976644,14.520220082874092
2023-02-02,-3.3174921008285576,54.63543779326678,16.2571719080936,19.6609547714325
2023-02-03,-3.072962896731484,53.05143814560758,17.28999284094098,21.370037328472364
2023-02-04,-3.010853877860214,53.08207361542016,17.659010032141303,21.59594984042876
2023-02-05,-2.828502726842494,52.76179457848085,17.57754759989148,21.865213170621438
2023-02-06,-2.4874843709553165,53.24042061073442,17.051709556907124,20.207193536208944
2023-02-07,-2.5075143605735786,52.24663937226402,17.24817839471182,19.87231983347024
2023-02-08,-2.6379258665921235,53.19553102868761,18.912553829080252,22.888679652608964
2023-02-09,-2.3060448087146117,53.48203648585424,20.28434364519085,24.18215601958729
2023-02-10,-1.9914706185349882,51.926574883530776,21.065165016119877,25.34156566493787
2023-02-11,-1.8749193184142818,51.988269940254696,21.101605774501024,24.9517717303659
2023-02-12,-1.653353755757104,51.70246054965132,20.62042043874108,24.572426702028224
2023-02-13,-1.2874407609109397,52.21994175522343,19.63711376310559,22.237541258578915
2023-02-14,-1.2954990369641557,51.2704460954706,19.33148348795458,21.21638289495476
2023-02-15,-1.4250352575944731,52.27014600710329,20.46288505834368,23.55518678886986
2023-02-16,-1.1011908551822032,52.61509576070479,21.28484042505883,24.19683529025318
2023-02-17,-0.8011046242023703,51.12681876642315,21.51286000671498,24.74558237888556
2023-02-18,-0.7028451680939156,51.26550041236693,21.00693767607605,23.799806474976712
2023-02-19,-0.5006351846822223,51.06746257880084,20.003703503649017,22.916059934570384
2023-02-20,-0.152404409501953,51.684366842236386,18.532795684090367,20.151599343753546
2023-02-22,-0.3099733679842913,51.971025569196186,18.525150389083606,20.856900112446617
2023-02-23,0.016210056629171632,52.45381539336354,19.016243920865612,21.320258066066373
2023-02-24,0.3294133891844595,51.11657768790437,18.977467136383254,21.77458063627969
2023-02-25,0.4529934466652552,51.419233663657224,18.271471515701407,20.81411486968212
2023-02-26,0.6936950468458676,51.397525613064865,17.135557741891397,19.98905832077764
2023-02-27,1.0940634416801327,52.20220272110554,15.598104084321779,17.34836678495533
2023-02-28,1.1383829105562109,51.56245401826147,14.845848615286839,16.15763870495853
2023-03-02,1.498043242036852,53.58936079931907,16.23982606504012,19.173750798168193
2023-03-03,1.9125413165213088,52.46971559133812,16.352704537578337,19.90244053489196
2023-03-06,3.0226390709395607,54.20767399717173,13.610117889683089,16.29347269904106
2023-03-07,3.187268938549124,53.77516720991738,13.099858431679914,15.335659686913907
2023-03-08,3.2479530313708773,55.30281712738448,14.1372660502142,17.830840592374685
2023-03-09,3.7776182433234453,56.18168511929751,14.967633863071656,18.703621796920103
2023-03-10,4.296409263382099,55.22774585737809,15.29598073726051,19.548660590503307
2023-03-14,5.85002348325665,56.962987653279455,12.618651614820713,14.933540752030963
2023-03-15,5.934814196102183,58.52677072205319,13.710990765392893,17.2978721039276
2023-03-16,6.4673162592138915,59.40931073542742,14.558928144956731,18.002849174055697
2023-03-17,6.966990268826397,58.42542336876764,14.869089567388112,18.641393634915275
2023-03-20,8.12360898513773,60.23130371003469,12.377398781083722,14.375574101206789
2023-03-21,8.22895384666957,59.700849783741916,11.840674603273248,13.108301335051424
2023-03-22,8.192496610653768,61.068820079141744,12.803956194387343,15.273088589471453
2023-03-23,8.588176901172412,61.726899846646674,13.51990705638071,15.81115743862705
2023-03-24,8.937985081289929,60.49271349685286,13.702387855577644,16.324491197091554
2023-03-25,9.06304899884848,60.82308145465461,13.209034639555973,15.408688183664093
2023-03-26,9.268430282712254,60.75155158328829,12.273500296233387,14.617104993106011
2023-03-27,9.595592780055924,61.427651155280174,10.92191815467397,12.003471713918856
2023-03-28,9.528381665175274,60.5803695135666,10.340165815718429,10.83952329845151
2023-03-29,9.321417990442354,61.62565249061555,11.291695750156194,13.171094112987628
2023-03-30,9.551588286312287,61.95982771250416,12.032058550331634,13.937850570705923
2023-03-31,9.74362595419769,60.40516748761792,12.276689934436849,14.738132803899264
2023-04-01,9.721132018095824,60.42305049420327,11.88342213188005,14.16188546203675
2023-04-02,9.791314513497339,60.05139961213124,11.084703794048266,13.754941141805789
2023-04-03,9.997410611441788,60.443844224035175,9.90408792971368,11.561834339363651
2023-04-04,9.824631170651063,59.33311939957206,9.523565130444235,10.843684342679161
2023-04-05,9.528533274928664,60.13848516043658,10.701506408836314,13.634586735433082
2023-04-06,9.686500754280612,60.25908688221844,11.687338002008792,14.861679711532593
2023-04-07,9.823329423314739,58.519465244212306,12.189543364456075,16.117321936237538
2023-04-08,9.762264197988362,58.38267812283024,12.058302853864939,15.971473573325468
2023-04-09,9.80976658346611,57.88771317724477,11.518037228674935,15.957288641274948
2023-04-10,10.00797550121803,58.188639726388686,10.584118453214883,14.107329595951988
2023-04-11,9.840699707294778,57.01801277546679,10.430461601939944,13.67180934325799
2023-04-12,9.561845660312542,57.79431220232574,11.807725309569621,16.67531418173928
2023-04-13,9.746958936744509,57.915337606787915,12.958235141326563,18.037164074016925
2023-04-14,9.918873886838254,56.20376625267789,13.584188538130999,19.336862690571987
2023-04-15,9.898816577468159,56.120335376784986,13.530588969649958,19.14759933316845
2023-04-16,9.991237397615654,55.70132559433601,13.01788028921538,19.001049323307534
2023-04-17,10.236334235179509,56.097792447773216,12.058827885101206,16.93063537704275
2023-04-18,10.116102547313787,55.03905660377035,11.826211625966202,16.189775014143827
2023-04-19,9.882814438348678,55.94023340630739,13.071083664653603,18.808542690436703
2023-04-20,10.110603338668074,56.19571983765898,14.037703543571851,19.713904575191677
2023-04-21,10.321147758925747,54.624843823168824,14.43170869991662,20.494981802441956
2023-04-22,10.33479826821013,54.68513468672476,14.102968837386712,19.736309451458446
2023-04-23,10.455423520394284,54.40988911539775,13.278097357399579,18.982344602250144
2023-04-24,10.722936046207533,54.947477471182964,11.977169941846576,16.280394163177437
2023-04-25,10.619334304326458,54.024898970625166,11.381219976795093,14.898496873222937
2023-04-26,10.397163629551983,55.055364736540525,12.25026962591342,16.881698429846562
2023-04-27,10.63107352731441,55.43182539856516,12.838015623279698,17.171888538621477
2023-04-28,10.843465945292035,53.9726471702698,12.859735193613192,17.372666886254393
2023-04-29,10.855580086777277,54.13489459592211,12.174868347017329,16.08658669578222
2023-04-30,10.972291215104223,53.95189413201905,11.019257727084941,14.866188757421353
2023-05-01,11.234585949296196,54.572523604199155,9.421604156925369,11.76970931567818
2023-05-02,11.125552416749818,53.72473670205276,8.570715288136203,10.074302912307552
2023-05-03,10.898789807252715,54.82310252767802,9.233313475216857,11.832078418490207
2023-05-04,11.129916649203272,55.26227825639368,9.66852854131958,11.989753394545584
2023-05-05,11.342174214554113,53.86262053839942,9.595646559730103,12.153398762782622
2023-05-06,11.357472237098136,54.08339580762133,8.876575556069575,10.921255436232146
2023-05-07,11.48115580509197,53.96026584047066,7.7480128049890435,9.84788846028664
2023-05-08,11.7544570801558,54.644495953239336,6.237873996300938,6.9868590573619
2023-05-09,11.660471068873067,53.866397400517144,5.532562543060016,5.608455882460184
2023-05-10,11.452560524690927,55.04278642184856,6.394844569762103,7.7559283698941694
2023-05-11,11.705869493217474,55.570380356796505,7.078453327023224,8.365391818173965
2023-05-12,11.942941750259564,54.27133869004216,7.295990926805752,9.03086897274089
2023-05-13,11.984790815549925,54.60641123035466,6.901583863105284,8.337441253105613
2023-05-14,12.135699573009752,54.61237154870236,6.123271473689567,7.8257656624914045
2023-05-15,12.435712017857877,55.44118454013346,4.979681185040079,5.535127504102933
2023-05-16,12.36665496085924,54.823420798071375,4.647561655633491,4.72155949428538
2023-05-17,12.180593152535838,56.17570099270549,5.87993168536508,7.414459291588259
2023-05-18,12.451395560324487,56.894091015083504,6.920960679571218,8.536864392563164
2023-05-19,12.700407161601698,55.79965567825799,7.474140551271647,9.670838927837096
2023-05-20,12.74757100559571,56.35163270037076,7.385197698092174,9.390936036077498
2023-05-21,12.896276666309241,56.58490422309188,6.874716793051622,9.228983408369633
2023-05-22,13.192362812395036,57.649213493504725,5.955023444815828,7.21747609044519
2023-05-23,13.110774905160824,57.27263782797162,5.797890877269578,6.60749564136011
2023-05-24,12.903450304823261,58.86909921600507,7.152823545205295,9.425795058328026
2023-05-25,13.144437017486911,59.83183124853155,8.262029648861555,10.594994493546865
2023-05-26,13.3555746766692,58.97900794124141,8.828639872479467,11.698947418178586
2023-05-27,13.357614905379851,59.766993859570064,8.699619745055765,11.316120902342805
2023-05-28,13.455056960701201,60.22789046167811,8.098347484393248,10.984240480500954
2023-05-29,13.688659508107957,61.50882400055791,7.04140585311319,8.743367054073659
2023-05-30,13.541465200881017,61.335483945151026,6.706155960942716,7.853936702151649
2023-05-31,13.267240936639396,63.119691292074734,7.84884992148832,10.353198623553652
2023-06-01,13.442011525316929,64.25291373615674,8.719399436432553,11.175216176464374
2023-06-02,13.589681733866499,63.55193184081473,9.029363676225797,11.915894182996539
2023-06-03,13.533092653679898,64.47211453844328,8.634610672872787,11.166007162876884
2023-06-04,13.57879026641018,65.04497817964702,7.76763146738841,10.475489095292302
2023-06-05,13.769469171183545,66.41747417767284,6.45406326985188,7.896162284733924
2023-06-06,13.589930340366113,66.31551432495905,5.8799974147755725,6.699446028257668
2023-06-07,13.29545797452825,68.1515136796757,6.809836757535873,8.932489557727909
2023-06-08,13.46329532608047,69.31786891016279,7.500826984560826,9.537902635961501
2023-06-09,13.618216459211421,68.63257752370814,7.670832052430663,10.11855431467027
2023-06-10,13.583541695677296,69.5524579212646,7.180814065048134,9.270420585154433
2023-06-11,13.665876166206871,70.11064638529359,6.267001996179524,8.54674615025245
2023-06-12,13.907535661897807,71.45581815332095,4.957309603089001,6.000700965345972
2023-06-13,13.8094041771492,71.31564391188077,4.438581211197654,4.904623794757645
2023-06-14,13.608605448124596,73.10426395369215,5.474431625954104,7.301546496117048
2023-06-15,13.880714928144059,74.21570022472321,6.319804972399893,8.1296716436839
2023-06-16,14.148462316100055,73.46941397788343,6.688821641616693,8.985769491946286
2023-06-17,14.232794868880656,74.3234711113445,6.437371365900577,8.458220680012428
2023-06-18,14.437675096998905,74.81199323096601,5.795433318169563,8.091413626487416
2023-06-19,14.802575495227673,76.08434324769978,4.7836789687048755,5.928669986850036
2023-06-20,14.8085081763828,75.86855817518283,4.580930802014636,5.230232152433555
2023-06-21,14.706492810719421,77.57881232057467,5.942236792004436,8.029748250642367
2023-06-22,15.06914044248956,78.60883164995755,7.113678442156906,9.254417001132172
2023-06-23,15.416347283490401,77.77746714919482,7.800474225371429,10.490250240559568
2023-06-24,15.56644287354844,78.54188893520197,7.849828892021629,10.315419866523843
2023-06-25,15.821068271107565,78.93507839147675,7.483502049290074,10.264939583461661
2023-06-26,16.217744422766696,80.10506595526999,6.714644518343254,8.37384682690955
2023-06-27,16.235966237798003,79.77842565015347,6.715468826097709,7.895411756556657
2023-06-28,16.125723662304072,81.3678076414418,8.235507660770221,10.857802793491015
2023-06-29,16.45912551880734,82.26542739059275,9.516572881779132,12.184366339685381
2023-06-30,16.756118766548322,81.28871679957406,10.260972705593783,13.458975168745969
2023-07-01,16.835646538582687,81.89359651735145,10.314434444945075,13.259410389302746
2023-07-02,17.000520032979303,82.11204402559322,9.898704321328314,13.122027028138286
2023-07-03,17.289964293762626,83.09140248119941,9.028372231291993,11.084869780106207
2023-07-04,17.185673777650003,82.55793884993567,8.878488466151566,10.405768441212187
2023-07-05,16.964822524224445,83.92443021950437,10.202728102274431,13.118859512615014
2023-07-06,17.1779926384825,84.58369473403347,11.248218708628448,14.154631707886672
2023-07-07,17.34844221592544,83.35427071198235,11.723593162125596,15.105086375118427
2023-07-08,17.298631454216707,83.69370169361777,11.481720030408415,14.556854631656687
2023-07-09,17.33499784522637,83.63610102924599,10.752088950669474,14.055594164349852
2023-07-10,17.500400516278077,84.33144046137996,9.557405398051609,11.648827405401533
2023-07-11,17.28007250438725,83.50907121140241,9.080968777029106,10.603758944043552
2023-07-12,16.929986093476977,84.58525695016182,10.08459669474828,12.96351388804982
2023-07-13,17.028311288012432,84.95663609027154,10.823218212278865,13.66696794248601
2023-07-14,17.10096473770003,83.44581846504539,11.012704766245257,14.313637315556054
2023-07-16,16.951300606650072,83.20130392999349,9.557315983034353,12.766761234048245
2023-07-17,17.080996560464982,83.66019800635416,8.17460278378929,10.17549419502474
2023-07-18,16.84735199856669,82.62466206590119,7.550790369983302,8.992443916339333
2023-07-19,16.50612332600937,83.51472566152003,8.44964792384774,11.261691120350518
2023-07-20,16.63461303293265,83.73039421113081,9.126737861371863,11.921595401078566
2023-07-21,16.757235391645928,82.09713946821078,9.297249843979422,12.56973563302321
2023-07-22,16.696539387086123,82.07899331502783,8.818571062575055,11.795931083636797
2023-07-23,16.757968142927954,81.71592391231884,7.922574468514519,11.14660322160309
2023-07-24,16.982318469651943,82.1629441580145,6.632181681931111,8.667652860740285
2023-07-25,16.851739313582122,81.15346639037956,6.128774866286393,7.622388177677188
2023-07-26,16.61817333205315,82.10668790605698,7.1702188054739295,10.047940864064923
2023-07-27,16.85491987831066,82.4209295326583,8.005612439994927,10.875334756182777
2023-07-28,17.082314077199605,80.9191365868473,8.343333216435525,11.694666872589007
2023-07-29,17.14620221711988,81.06200550226926,8.033826264408056,11.08840769162751
2023-07-30,17.320812381688132,80.88541491366082,7.302113330976587,10.595883777569513
2023-07-31,17.643334592988158,81.5396102888017,6.164571450982994,8.25648922038079
2023-08-01,17.592691893294656,80.75265457330622,5.796549078633932,7.327775880857063
2023-08-02,17.418080417275455,81.93792737573422,6.950574748631919,9.842043273773921
2023-08-03,17.69061839020798,82.48759235804084,7.871271930718105,10.726549518333314
2023-08-04,17.92909611410704,81.21823911896705,8.263538583349918,11.568799290383884
2023-08-05,17.951169551670787,81.58415941732459,7.975439459458357,10.94987485284455
2023-08-06,18.058271703656313,81.61493277961544,7.2307831382654015,10.409061093063034
2023-08-07,18.288200818991232,82.45476662921718,6.045931890404059,7.986931688998826
2023-08-08,18.12122024695357,81.82609934837244,5.59741137602058,6.943426183360469
2023-08-09,17.80857092568523,83.13724474802487,6.640075671654655,9.314351383290752
2023-08-10,17.92407239957192,83.77599367498591,7.4219428574161785,10.031469598464902
2023-08-11,17.989805573159977,82.55537533240681,7.65226232269136,10.687633865349493
2023-08-12,17.827221521061965,82.9270347778099,7.1842654953850325,9.869941331663483
2023-08-13,17.74195277904585,82.91889868522503,6.247576503448876,9.124161544584123
2023-08-14,17.776288845940527,83.67457206276384,4.864836151259301,6.497613110758245
2023-08-15,17.41515378383642,82.916972475643,4.219112061172203,5.257025182487316
2023-08-16,16.914490291855742,84.05597903200947,5.071856720477298,7.444823982586467
2023-08-17,16.8527297357033,84.48201132832955,5.6775351099851745,7.9990135829125855
2023-08-18,16.756345037742655,83.01174110606075,5.7514895191433535,8.518117487172328
2023-08-19,16.450834446622434,83.10139397238257,5.152499502812742,7.594158098776539
2023-08-20,16.269432974739722,82.78431485867586,4.115019351604599,6.7769513428890935
2023-08-21,16.23343278553539,83.21024215792123,2.665651750943156,4.116817843063686
2023-08-22,15.830121172334936,82.10879995627937,1.9904350536440187,2.882403481809078
2023-08-23,15.317075516954922,82.89698902000079,2.8527096019680513,5.116899000614939
2023-08-24,15.273580754269396,82.97259559943312,3.507687503960998,5.757905577209943
2023-08-25,15.22615114405911,81.1597250260629,3.670295135394002,6.4023977372457015
2023-08-26,14.999505436903078,80.92192193167936,3.1977468838010754,5.639759634782729
2023-08-27,14.901275891635795,80.29955537512079,2.321831947151704,5.016154526492876
2023-08-28,14.974416050242688,80.44891844581231,1.0654712074409805,2.577402130002991
2023-08-29,14.703147379965344,79.10555627667367,0.6101188946359581,1.5868996635488308
2023-08-30,14.341350355182303,79.69160742119905,1.7137708218276941,4.082024280074153
2023-08-31,14.464079591124538,79.60908160390632,2.625699089088397,4.99418186562208
2023-09-01,14.593198984510757,77.68528431844707,3.054477323106579,5.913962909853158
2023-09-02,14.548482869503104,77.38585305489256,2.8507492260948952,5.4243752882713245
2023-09-03,14.632460187687458,76.75208576608694,2.2397161452439747,5.0654075326527135
2023-09-04,14.882962834260322,76.9400127734717,1.2378944131498901,2.8770911761014837
2023-09-05,14.779214366286531,75.68372693501858,1.020710931667768,2.117592203096766
2023-09-06,14.5703606517288,76.40275715099007,2.340692757671329,4.819764068356886
2023-09-07,14.827118120565718,76.49540756061788,3.442364973440803,5.911322685847402
2023-09-08,15.06753177791724,74.78427148369843,4.030415875640684,6.9801003484922735
2023-09-09,15.108185456915528,74.72938273709181,3.952577960585386,6.607345605363411
2023-09-10,15.249138145594209,74.36568210634813,3.4321969916924147,6.332320878368822
2023-09-11,15.526544844025294,74.84224673566611,2.4850374498677423,4.195365678218954
2023-09-12,15.418795969591802,73.88579330175367,2.2868914409367314,3.4559558077641768
2023-09-13,15.175075323830615,74.90823567189543,3.5917465139767337,6.149192439822055
2023-09-14,15.367011367619469,75.30021471839217,4.646627470719463,7.205883906202233
2023-09-15,15.514413730432562,73.87680447879966,5.159673074112974,8.217680522243757
2023-09-16,15.436437888167958,74.09085237016266,4.982899024710764,7.7702336501914
2023-09-17,15.4364529824554,73.97062638731126,4.344623307775769,7.407635633541393
2023-09-18,15.554573029739984,74.65921239703096,3.266106834884349,5.17531382450098
2023-09-19,15.273687936347402,73.87816806310185,2.928981737605989,4.337914789948236
2023-09-20,14.84789727292974,75.0352102067911,4.0932285455405735,6.935618428489493
2023-09-21,14.854024956331562,75.51784991680681,5.011823420088188,7.904050637131174
2023-09-22,14.817210533438736,74.13917686623,5.39862256472341,8.839260420579718
2023-09-23,14.561924033187708,74.3512485109432,5.110941318707433,8.330737800797655
2023-09-24,14.396683541580309,74.18275581875083,4.381809907267808,7.925733730952423
2023-09-25,14.366439962844876,74.77840814610349,3.2364641884169316,5.6720590773393145
2023-09-26,13.958469511790021,73.86254410296986,2.8596485446601783,4.835901741098089
2023-09-27,13.430680816726156,74.84674630786954,4.013496164283738,7.45810368729663
2023-09-28,13.363018392389844,75.12337620854113,4.952110989108477,8.474067538230196
2023-09-29,13.282961371014364,73.51123300206679,5.389420547446717,9.478758593333188
2023-09-30,13.016467141632756,73.46879555344597,5.181758200817217,9.059777556673238
2023-10-01,12.872641148945101,73.03172274912491,4.5601566865811485,8.761763089132229
2023-10-02,12.896098762431603,73.35205915436701,3.5469100931225555,6.62929822223369
2023-10-03,12.572860516047548,72.16165741968408,3.3229791334571637,5.924855839186417
2023-10-04,12.158687636925567,72.87960017590387,4.646001669319916,8.68522041395652
2023-10-05,12.230538941575935,72.90554253741621,5.765028559993656,9.841550529958347
2023-10-06,12.31214660331237,71.06518416921195,6.388549071654225,10.984542518313734
2023-10-07,12.225058389579097,70.82333458852004,6.367258767239596,10.697664771611464
2023-10-08,12.273424957522666,70.22125163566868,5.92654570017395,10.521716114576225
2023-10-09,12.496494916812614,70.41570409158905,5.08324573001503,8.497876715621869
2023-10-10,12.37465530794144,69.14227350042738,5.013235447555549,7.88578156294583
2023-10-11,12.157920413231208,69.82268096304767,6.469618426029487,10.720049061891512
2023-10-12,12.417545740055163,69.85806238318244,7.697618980654228,11.930425349586791
2023-10-13,12.671760321781907,68.07440276201157,8.402742313619537,13.107001587119136
2023-10-14,12.73696057968175,67.93559408985726,8.433649314797051,12.833471662401632
2023-10-15,12.912640103825051,67.48079686642919,8.014718054728142,12.651682599573997
2023-10-16,13.234014075965941,67.8635555431328,7.162839992611428,10.604646156883504
2023-10-17,13.178172353349119,66.81518150354388,7.055017681143344,9.954542729534229
2023-10-18,12.992660960852378,67.7521871875228,8.446519133866396,12.739152276995473
2023-10-19,13.247166210618282,68.06969202264256,9.585703670112341,13.891876042749637
2023-10-20,13.459292598425957,66.58700735912788,10.182079924004915,15.0068104137509
2023-10-21,13.445776405161835,66.76086106727215,10.089047228826802,14.671845228455373
2023-10-22,13.50740876612616,66.62293755213523,9.536296406058222,14.433044340789529
2023-10-24,13.44860960644215,66.57335626710822,8.302324843661076,11.651078645606738
2023-10-25,13.059774728698255,67.79468977796223,9.565147322102561,14.414858391880848
2023-10-26,13.089361121717602,68.37143394803253,10.588894827636876,15.56482934950594
2023-10-27,13.060083071059838,67.11663038643303,11.088279181947154,16.696922683072803
2023-10-28,12.794206117508352,67.4814849171558,10.921261378177352,16.399986680139435
2023-10-29,12.598320655929836,67.49304097695416,10.321270072947915,16.22009187374918
2023-10-30,12.515776490652007,68.29359187884602,9.313656041239566,14.203326134987103
2023-10-31,12.032617596201305,67.60433826028532,9.082960809026584,13.61361961296496
2023-11-01,11.40592285919194,68.83306764328057,10.39076585639027,16.489041908949954
2023-11-02,11.215233679601633,69.36777087580106,11.490247869520225,17.76174154526728
2023-11-03,10.988066684579652,68.02239768338167,12.094010482011548,19.02299375254547
2023-11-04,10.550860833496502,68.2502080672401,12.056652239230825,18.856331750636787
2023-11-05,10.21364006811363,68.08139251544063,11.607053817672272,18.80202024926383
2023-11-06,10.022357598160482,68.66240517518203,10.764942688889352,16.90004451357687
2023-11-07,9.46476357505156,67.71951852279288,10.708311009207067,16.40814920036081
2023-11-08,8.798703785719727,68.66637924156994,12.191449424080474,19.358362845639885
2023-11-09,8.603531401243984,68.89748334623602,13.45971738213096,20.677170911759553
2023-11-10,8.405630457730446,67.23377644873851,14.217614464400121,21.95079583058918
2023-11-11,8.029400028431446,67.13583986480026,14.311605637954724,21.758551427494933
2023-11-12,7.78197918646148,66.64133968247482,13.962675942735174,21.637522699901474
2023-11-13,7.705677088616164,66.90418717844162,13.183164794572527,19.62573682774123
2023-11-14,7.28394751768018,65.65792332976811,13.144447428692033,18.98035268124458
2023-11-15,6.769812512102127,66.32311120903147,14.595217909335094,21.73429852579207
2023-11-16,6.737413611292958,66.30065814446,15.776486279377416,22.81651562437589
2023-11-17,6.707685482738062,64.41727705378898,16.38984682094792,23.817262128330995
2023-11-18,6.499496683581871,64.13855075313926,16.280463522987763,23.321441914873397
2023-11-19,6.414533272550741,63.50627898016523,15.669742388688498,22.87320805857915
2023-11-20,6.489885165027124,63.67755859452164,14.572236019737534,20.51900704734671
2023-11-21,6.204170200870411,62.38811119734695,14.163344547081206,19.52559279610924
2023-11-22,5.806096378216154,63.059642842628925,15.197565297213231,21.936443489979307
2023-11-23,5.866136914546162,63.0931579880746,15.923403235487482,22.691743775136107
2023-11-24,5.902309450803488,61.314436748226754,16.051500173674906,23.39339288891333
2023-11-25,5.731401213194667,61.18713831558073,15.437431401351937,22.638010823306942
2023-11-26,5.6539135045412126,60.75020880163564,14.314143439633746,21.98120069260621
2023-11-27,5.706683732494206,61.15704197292226,12.708583831279205,19.480242724175195
2023-11-28,5.3690189634559164,60.13890469817015,11.809093793080075,18.411758806621258
2023-11-29,4.89124120557096,61.11240898969972,12.38332398322948,20.827790805984293
2023-11-30,4.8463195689178615,61.472949713555025,12.692794190346037,21.67546535517051
2023-12-01,4.75558182721808,60.040313761191435,12.460664363007458,22.56171560699065
2023-12-02,4.439849090861692,60.27192017095649,11.554175479782488,22.08604136135144
2023-12-03,4.204269490589354,60.20036605665119,10.216743934520927,21.80457418735138
2023-12-04,4.090812167149986,60.97272349348288,8.484270182248626,19.772630278200936
2023-12-05,3.5842591168058178,60.31409600760067,7.552241877258881,19.26229592328426
2023-12-06,2.9405990299112865,61.635213613227336,8.193400464069915,22.318493185683977
2023-12-07,2.7385024666330526,62.32598283332113,8.672099781858838,23.878701133647553
2023-12-08,2.5048752347870487,61.20119521664115,8.71193066840698,25.53780390818017
2023-12-09,2.065838043552157,61.71385196618324,8.17807524241876,25.881045912946018
2023-12-10,1.7314125982406612,61.89277810376359,7.309378163266542,26.448357692763874
2023-12-11,1.5478794807816865,62.88197035222499,6.134697560144081,25.2772302967004
2023-12-12,1.0036490866767718,62.40418688421469,5.840116052424677,25.620676275779683
2023-12-13,0.3575530458061138,63.868557852047715,7.1867792260006285,29.503716525274676
2023-12-14,0.1902382407153933,64.6641335557339,8.425486763648317,31.84355849396561
2023-12-15,0.029662461250971717,63.60557460513462,9.264605155615781,34.214926010027426
2023-12-16,-0.2979587103252115,64.14644291718967,9.552759029151295,35.18350904884326
2023-12-17,-0.48347279134861765,64.31676853343215,9.511280338234572,36.27078442949067
2023-12-18,-0.48241360904746067,65.26233827849642,9.150968833298512,35.497372368964164
2023-12-19,-0.8090861571124286,64.70821646507696,9.639733985606377,36.10145423511781
2023-12-20,-1.2082069628252672,66.0662787688228,11.720874777002706,40.095678305242984
2023-12-21,-1.1034197964268806,66.72867842444221,13.62811118326955,42.387707399788866
2023-12-22,-0.9716902253930648,65.51345141248866,15.053924795730843,44.54585806443964
2023-12-23,-0.9922324835064131,65.87772174560351,15.832654337320742,45.13279042950725
2023-12-24,-0.8616911609233586,65.85518400184115,16.173314538238746,45.67049218599355
2023-12-25,-0.5416160898673521,66.59531112758734,16.07668181732207,44.18371593699048
2023-12-26,-0.5523938139441515,65.8267995091715,16.70320804890934,43.91839165156352
2023-12-27,-0.6447336778159851,66.96503398242407,18.791511258575763,46.898439596941145
2023-12-28,-0.24803253723606744,67.40549319887108,20.573551050345976,48.04613843825013
2023-12-29,0.15537435929991794,65.9693029858807,21.74304189959328,48.94750125763974
2023-12-30,0.38141903010448175,66.11639946694369,22.13854760010242,48.185623905984954
2023-12-31,0.729236973198665,65.88297943492535,21.976224783853148,47.30525650328262
2024-01-01,1.23379250598469,66.42068604242071,21.266760359988062,44.35576664416726
2024-01-02,1.3720273029861385,65.46004156275562,21.183067473724545,42.60902703004639
2024-01-03,1.3914321318826364,66.41790938345585,22.478493990881525,44.11566532219892
2024-01-04,1.8617164522651422,66.69090491315399,23.401658184777958,43.824844434005364
2024-01-05,2.3005676494547167,65.10096210856354,23.664473169296706,43.34904030826527
2024-01-06,2.5248426120526286,65.10851630550341,23.124813092543977,41.296796282084614
2024-01-07,2.8354663273181036,64.74997965766164,22.018799796906286,39.23671955794217
2024-01-08,3.2699973712135897,65.17695599565309,20.377266355559982,35.23990266667795
2024-01-09,3.308696266670678,64.11970559182112,19.392974119587745,32.59731622211726
2024-01-10,3.2029991523293404,64.99464075023678,19.8383494647799,33.37562322791628
2024-01-11,3.52707433419452,65.19777072645627,19.979866923521424,32.53659417600744
2024-01-12,3.803456780310073,63.55030160876531,19.54565175961946,31.701599263179155
2024-01-13,3.854106838403329,63.5118509012071,18.40776571251481,29.484164116658796
2024-01-14,3.9851716021153294,63.117952323634285,16.814164241475318,27.453859645374543
2024-01-15,4.2394126270224515,63.519297024975614,14.804889961123058,23.678711668896625
2024-01-16,4.102139758773161,62.4452212607147,13.579085620669318,21.44267697931895
2024-01-17,3.829557162426749,63.311221204005925,13.912597794153154,22.80163402667842
2024-01-18,4.0002025291738175,63.51241332509079,14.07230107522808,22.703063021247136
2024-01-19,4.14047758780846,61.86914606959742,13.783716993877047,22.750885071151323
2024-01-20,4.075618849058799,61.840222826862096,12.91339056627571,21.538437949803576
2024-01-21,4.1143891674841555,61.46041208377061,11.701010046396316,20.612848455743826
2024-01-22,4.301455436968016,61.879691443797796,10.175829942364599,18.01797478515362
2024-01-23,4.123293213622771,60.82673611936042,9.523974286378069,17.01245208554708
2024-01-24,3.836524781411324,61.716433166318176,10.506383404453436,19.626274995465245
2024-01-25,4.019371453201346,61.94334050513414,11.373524720753743,20.781077059307815
2024-01-26,4.1972174547020735,60.32729704822927,11.833431472096729,22.05556160595378
2024-01-27,4.193632973091045,60.32664446335616,11.73452110335453,22.019046928226523
2024-01-28,4.315135088490836,59.975736930314085,11.298167276280958,22.196371627819065
2024-01-29,4.603649578084266,60.42418593336865,10.535573740273511,20.61132047906515
2024-01-30,4.542511673856897,59.40035094301923,10.615515379582849,20.505092284544357
2024-01-31,4.3849092732902335,60.318857372400174,12.282698463602944,23.893233508007565
2024-02-01,4.705446167853886,60.57406083349542,13.772850169054056,25.686189486751857
2024-02-02,5.025819293317101,58.985663857586,14.781091815211354,27.454921863244664
2024-02-03,5.1659542231813695,59.01194532456045,15.145039426334154,27.764551406847286
2024-02-04,5.428874343871794,58.68727855479822,15.077598886200875,28.13927079097828
2024-02-05,5.8532635971297235,59.16138460144376,14.583998921887819,26.605688764992895
2024-02-06,5.919558029801747,58.16283101269724,14.829623997871664,26.41113061914002
2024-02-07,5.878467152512137,59.106556812276565,16.558397762270552,29.580324382990355
2024-02-08,6.302600585695371,59.38734206157083,18.007827597931612,31.03563227485121
2024-02-09,6.712192377878816,57.825427512568496,18.87726703941304,32.36228559234188
2024-02-10,6.926266106949043,57.87974397866953,19.010843743321672,32.14159332677825
2024-02-11,7.2475156269987995,57.58542682849264,18.630025972729282,31.91538142524493
2024-02-12,7.71486131474739,58.09306168964126,17.750377976275157,29.72883739732695
2024-02-13,7.809517562628189,57.132171306084565,17.54907472078878,28.848298952872344
2024-02-14,7.783473543445718,58.11872411806764,18.7829359849969,31.317430047095385
2024-02-15,8.21106422809906,58.448582913542126,19.703100449707872,32.076957552085496
2024-02-16,8.614625973273933,56.94309922241336,20.022907056008385,32.72943983756514
2024-02-17,8.815582088165339,57.0623134250592,19.600441959351627,31.8720496735708
2024-02-18,9.11923583460815,56.84243650623946,18.67073451166229,31.060639221121527
2024-02-19,9.567233519196796,57.43506024105733,17.26216266350671,28.35227107576736
2024-02-20,9.643536355755565,56.570606615685115,16.56364752122359,27.022761503146235
2024-02-21,9.602806092123314,57.66579804935157,17.342405356044434,29.12268469298326
2024-02-22,10.021884300593834,58.1170678761165,17.858384781948473,29.597014566853936
2024-02-23,10.425362428910411,56.7461179471296,17.831962062992503,30.04987653600859
2024-02-24,10.636590581691452,57.013084558515004,17.12635703173834,29.077390524585546
2024-02-25,10.962404754010844,56.95398987443957,15.979755571697954,28.231869771736772
2024-02-26,11.445537085185098,57.71992683480645,14.421699893522288,25.56455408468197
2024-02-27,11.570549309421864,57.040489475501644,13.640325493253073,24.343416521090617
2024-02-28,11.592195444121145,58.33123123522494,14.40021060524689,26.60948352118151
2024-02-29,12.086894183944722,58.98707155854534,14.956961838606588,27.29683484327049
2024-03-01,12.578308176492778,57.827858316069054,15.025103522360531,27.99774444526784
2024-03-02,12.88837774127401,58.31154768593282,14.460726574957633,27.295931636546317
2024-03-03,13.322087875852276,58.471678860160466,13.493875163270511,26.731174635553923
2024-03-04,13.91993180093573,59.45659149689067,12.145223909179492,24.3424528008431
2024-03-05,14.163909510375753,58.99289750607478,11.593615533345078,23.386144440271263
2024-03-06,14.305965317214604,60.49298912883288,12.594215493222066,25.89270882170616
2024-03-07,14.919542540265436,61.34850273982664,13.393398066113937,26.78700834133829
2024-03-08,15.525249982006631,60.37594476208271,13.696922453332563,27.653722886320676
2024-03-09,15.94198511081811,61.02993997952518,13.352846320488995,27.070818154522016
2024-03-10,16.47179010004854,61.34077805539225,12.584147428682517,26.574314255774237
2024-03-11,17.152401322587437,62.453704464123504,11.405599509534188,24.201516955768966
2024-03-12,17.463328231599693,62.09246559660918,10.99146685802518,23.209236563305737
2024-03-13,17.65436327572014,63.666888105990786,12.093770120840004,25.6304232219303
2024-03-14,18.297198911309074,64.5664100171666,12.957235094084124,26.394376720976073
2024-03-15,18.91114460132671,63.60576812385064,13.287481974391142,27.091986964134517
2024-03-16,19.314287322857396,64.23830018790241,12.93390286863471,26.308972767270895
2024-03-17,19.808370752795696,64.49353612635188,12.122200101266031,25.590372839711595
2024-03-18,20.431353180647392,65.51652296871484,10.871134778570697,22.983460228080535
2024-03-19,20.6634799743923,65.03139216265443,10.360054698163484,21.75561525761761
2024-03-20,20.755772586280944,66.44894839591682,11.34695985222506,23.950596579680184
2024-03-21,21.281610927920415,67.16019687307144,12.083224080075544,24.508379776222338
2024-03-22,21.76240317124653,65.98201332501094,12.281537814651829,25.030031146324564
2024-03-23,22.018688024941557,66.37041537299788,11.798527753215465,24.11059564356681
2024-03-24,22.354946493679712,66.35810989786987,10.867034293929615,23.30326359330941
2024-03-25,22.812085258181348,67.0937620147238,9.512604523154693,20.661997404890563
2024-03-26,22.873429776163732,66.30549538599941,8.92077793748862,19.45916212056031
2024-03-27,22.793131479269178,67.40840450748973,9.85493077042598,21.74160683189323
2024-03-28,23.147668323917692,67.79799764959843,10.570804397617234,22.45037223692638
2024-03-29,23.461435147514774,66.2957767094166,10.784288774758874,23.185496019705102
2024-03-30,23.557771168352428,66.3624147567567,10.353921661435416,22.538897196949115
2024-03-31,23.743703751082123,66.03520821316057,9.5130881654047,22.058604297689826
2024-04-01,24.062372453777154,66.46725161893127,8.286480748848893,19.79150688605906
2024-04-02,23.998973044058094,65.39084707880755,7.857397836092892,19.001170678008894
2024-04-03,23.80912711136174,66.22493131667272,8.985646424150703,21.724157914736587
2024-04-04,24.070357416113072,66.36844119232634,9.922172298154617,22.89002128331525
2024-04-05,24.307665918630974,64.6458259206097,10.376985592659496,24.086434676122494
2024-04-06,24.34456191642346,64.52016851836329,10.201838001152122,23.89243238623316
2024-04-07,24.48781910357961,64.03059486832045,9.622630618219162,23.843011180166208
2024-04-08,24.779924876763157,64.33141947029198,8.656106079821745,21.972263765173043
2024-04-09,24.705060527097352,63.155540717553784,8.477395937679661,21.531572661552353
2024-04-10,24.51751657781658,63.92186898474397,9.838180959610487,24.54629498552119
2024-04-11,24.793221769259873,64.02870833245701,10.981579976992112,25.9360956839285
2024-04-12,25.05538077800041,62.29929961582912,11.610327011137654,27.280382485241844
2024-04-13,25.125566087119722,62.194986674834595,11.56968518602491,27.151805150154697
2024-04-14,25.308540719598568,61.752682774112664,11.080069067169761,27.081065724449232
2024-04-15,25.644773035164484,62.12408479999635,10.153922419155585,25.100202071501435
2024-04-16,25.61648015087784,61.03914619038914,9.963416517817596,24.460869134148336
2024-04-17,25.476102277103376,61.913589772667564,11.258721955762258,27.191045680231642
2024-04-18,25.797884674210806,62.14237901254503,12.28296599915474,28.21532321017035
2024-04-19,26.10356074797897,60.545353031415715,12.740432960346844,29.12023133895012
2024-04-20,26.213480406722883,60.58048458011709,12.47945519041644,28.487565162857923
2024-04-21,26.43145941128483,60.2814356566042,11.724966818420414,27.85896603323625
2024-04-22,26.797310278495036,60.79685587345658,10.49526909211338,25.27892438852703
2024-04-23,26.792891016448014,59.85393229557271,9.969575637519712,24.012736937241716
2024-04-24,26.670574064251262,60.865969877356534,10.906094980822868,26.1028550299031
2024-04-25,27.004812578863827,61.22591922368748,11.556767887008327,26.488790960842508
2024-04-26,27.317798362488,59.752055570989995,11.635223403252933,26.77204726194439
2024-04-27,27.430556638263322,59.90126707344449,10.999408369929112,25.549045626985883
2024-04-28,27.647754760724244,59.70662636830389,9.883870206546245,24.37531807544114
2024-04-29,28.010187000119995,60.31669022197552,8.31624980057577,21.308139931485137
2024-04-30,28.000773426460334,59.459036089953656,7.48456084533119,19.624147260967423
2024-05-01,27.872977122823496,60.5478152460362,8.155020815955764,21.375385085934315
2024-05-02,28.202318774166734,60.97724012844771,8.586558566946263,21.508961460330678
2024-05-03,28.511984811172994,59.567211092528595,8.49856923197169,21.63177943961475
2024-05-04,28.623876122431806,59.77654228018968,7.753377143126868,20.343328983862566
2024-05-05,28.843376085775844,59.64046248926098,6.5883915173369765,19.199805086929135
2024-05-06,29.211801525629433,60.309837981823044,5.032515517964974,16.256733572891523
2024-05-07,29.212375844255043,59.51462836723977,4.273387546357636,14.78664720313866
2024-05-08,29.098629491910263,60.67135761610994,5.075221115783451,16.835256555611757
2024-05-09,29.445907439664406,61.17652028108606,5.693368075734025,17.341287103015695
2024-05-10,29.77698011311398,59.85213049929526,5.842174280046237,17.90144917778159
2024-05-11,29.913104730418517,60.158875758211465,5.377585504694219,17.103515989740345
2024-05-12,30.158815378858584,60.13355340046736,4.529484214266166,16.490767788547238
2024-05-13,30.554404686651633,60.92823865805243,3.318312522408779,14.104974323917208
2024-05-14,30.581935278539856,60.27369690869061,2.9225539798815348,13.204448140719439
2024-05-15,30.493684846191208,61.58682342763949,4.096833547466234,15.820602537311167
2024-05-16,30.863702932302658,62.264031553298715,5.08675295872124,16.87817475930833
2024-05-17,31.21347414255273,61.126797284785795,5.597022658438765,17.960570350523913
2024-05-18,31.363032863154245,61.63482232623845,5.47434010300592,17.643293455362496
2024-05-19,31.615805893197077,61.82349317546334,4.939987126049724,17.458711480723892
2024-05-20,32.01114392833962,62.84308427173019,4.006694174174194,15.439317545711347
2024-05-21,32.0303782339623,62.42221674612848,3.846337082330902,14.83601573349607
2024-05-22,31.9253046208126,63.975354560518774,5.208219561426548,17.674856860213993
2024-05-23,32.26977129555585,64.89625717417171,6.334053378112013,18.877380793900162
2024-05-24,32.58536401858339,64.00359473944958,6.926193298426099,20.026018399429088
2024-05-25,32.6925326553359,64.75418564891862,6.830573696951275,19.697516822060983
2024-05-26,32.895434865825564,65.18053173055029,6.269317961266166,19.427637217605863
2024-05-27,33.23445755760904,66.43009676689674,5.257568277697475,17.254290807942983
2024-05-28,33.19225249729835,66.22883757633839,4.9711026067871344,16.43564239402037
2024-05-29,33.02218862218266,67.98876724163486,6.164494480847342,19.00661469645325
2024-05-30,33.29989841567229,69.10146759590073,7.085931309015768,19.898956576643172
2024-05-31,33.548912912418096,68.38375517313166,7.445253100473631,20.70633638758637
2024-06-01,33.591730863201306,69.29095894115237,7.096664335084524,20.01743325044633
2024-06-02,33.734599516130714,69.85448394578877,6.271096753779494,19.38028509159184
2024-06-03,34.01996956798918,71.22110574724512,4.992777915037742,16.845069404587615
2024-06-04,33.93246276704826,71.11650448980997,4.446579989128237,15.681856021923014
2024-06-05,33.72725688812186,72.95281820402535,5.395912262854635,17.936775194516493
2024-06-06,33.98156764707077,74.12213287642119,6.09728082689532,18.551773451432233
2024-06-07,34.22022427820887,73.44211431736026,6.2680848614392914,19.12942713437477
2024-06-08,34.26668634660129,74.36924134210992,5.769109253248386,18.26579403176365
2024-06-09,34.4277811109718,74.93631592825314,4.836697615694909,17.51456834933199
2024-06-10,34.746125605350656,76.29169705456808,3.499165970106792,14.92971998347185
2024-06-11,34.70607323483532,76.16276912024915,2.944035929327211,13.783160852312182
2024-06-12,34.56209057344388,77.96342677064334,3.9358540583524784,16.120883435000884
2024-06-13,34.89024451513649,79.08749599135564,4.730722829595342,16.882744188315996
2024-06-14,35.21379667716546,78.35429885435374,5.0441132248795935,17.66736028517985
2024-06-15,35.354252382609516,79.22182373599861,4.733418031649806,17.065097062333688
2024-06-16,35.61614287234876,79.72417885275843,4.030227922189812,16.622406890576116
2024-06-17,36.03950384223961,81.01077780975349,2.956887358629004,14.384694571219448
2024-06-18,36.10588864788612,80.80976979317225,2.693904815789752,13.614244994604077
2024-06-19,36.066820069827415,82.53549764916086,3.9979786475961854,16.346650250987352
2024-06-20,36.495358702580205,83.58190476335007,5.116757826967405,17.510900202168067
2024-06-21,36.91178254563041,82.76809877493729,5.756900771279826,18.6945958566056
2024-06-22,37.13472263642826,83.55153416817251,5.766884012787694,18.477253661056206
2024-06-23,37.466030796149134,83.96549136958365,5.369535283620832,18.39495224822062
2024-06-24,37.94333998934038,85.15830038965899,4.578840530603459,16.48348793652344
2024-06-25,38.04615310875988,84.85682055865871,4.567592038166369,15.996566530229837
2024-06-26,38.02436168881483,86.47395812119031,6.085632099603647,18.962461274793945
2024-06-27,38.449870438031404,87.40214076934934,7.374805211084123,20.304294698909896
2024-06-28,38.84232028146582,86.45895500996211,8.13717655595825,21.605398639154203
2024-06-29,39.02025321323157,87.10040602834562,8.217964062471834,21.442716878887133
2024-06-30,39.28599388934763,87.35847512544451,7.838155223469271,21.35149971780004
2024-07-01,39.67820776136885,88.38042012101491,7.011356002194736,19.368456053053755
2024-07-02,39.67797132916084,87.89232761340358,6.9114380594511315,18.749891317318273
2024-07-03,39.53725626524525,89.30669627069906,8.29073906906462,21.528263397914685
2024-07-04,39.83050403188458,90.01596779465916,9.394930675663547,22.632317926905227
2024-07-05,40.0802848797436,88.83820924463588,9.93111464129646,23.652262161954802
2024-07-06,40.10838616449684,89.2304044785815,9.750598353038328,23.17294791955734
2024-07-07,40.22060694385715,89.22602825088929,9.081325757989665,22.738319822402367
2024-07-08,40.45922102891591,89.97434724589687,7.94451676522706,20.394302086335188
2024-07-09,40.30894671733786,89.20395629016346,7.522087728918355,19.406660301666385
2024-07-10,40.025327810840906,90.33032876747482,8.57461462791966,21.817278661411127
2024-07-11,40.18620550755211,90.74929823936588,9.355960607082226,22.564022323363655
2024-07-12,40.31727806044999,89.28267583256866,9.581135587422976,23.245652145597205
2024-07-13,40.24309608554986,89.39146252300523,9.108846113142139,22.45476976299401
2024-07-14,40.27177328652328,89.11333169694824,8.173718125282326,21.742056041573985
2024-07-15,40.44737734634358,89.60182853372756,6.802751756483071,19.158981985396842
2024-07-16,40.2558414837081,88.58979708529048,6.182586069804605,17.975533310540094
2024-07-17,39.9533031695958,89.49681700660254,7.077339764924768,20.236392678557483
2024-07-18,40.11755104967703,89.72257008769512,7.743152897291472,20.88075150409725
2024-07-19,40.273577932810404,88.09234442804569,7.895999574881629,21.507219440124206
2024-07-20,40.2445881775913,88.07013870020006,7.394230873826498,20.706808997656793
2024-07-21,40.336739151620776,87.69604514377875,6.470830526486521,20.02725648256681
2024-07-22,40.59158087773252,88.12536094167743,5.149941141954869,17.515855197623214
2024-07-23,40.49203319615643,87.09194171585949,4.614236396057869,16.43733783366544
2024-07-24,40.290805264532246,88.01558162539064,5.62290165877685,18.830246730893045
2024-07-25,40.56193630615291,88.2953423336842,6.426343592681989,19.626957763991367
2024-07-26,40.82645292623657,86.75504031975476,6.734193360482156,20.418819140957954
2024-07-27,40.90348845194957,86.85635607618714,6.39805670700221,19.789375319301833
2024-07-28,41.095140838629575,86.6362443498892,5.6439870283991596,19.278929754946205
2024-07-29,41.439029956423276,87.24609498511346,4.489232480325744,16.927614979631077
2024-07-30,41.41439021248178,86.41515739681783,4.10982579101035,15.99349971997564
2024-07-31,41.270599980139274,87.55801183802744,5.258772618918233,18.509164987069433
2024-08-01,41.57882351571093,88.0680078244449,6.180952703388714,19.40190879786346
2024-08-02,41.857757668755845,86.7628767440196,6.581292693169592,20.259035564051977
2024-08-03,41.92482613286668,87.09797926162118,6.307658869405872,19.661196088643774
2024-08-04,42.081095457813,87.1038633283954,5.583441680846183,19.147028731737155
2024-08-05,42.36387177383278,87.92557867985411,4.42437992559593,16.756268283075123
2024-08-06,42.25281283662654,87.28625694143598,4.006191098414169,15.74785153896455
2024-08-07,41.998456078894684,88.59473646495516,5.082762726890808,18.15645204870138
2024-08-08,42.173838152850294,89.23914819636268,5.9010190848692705,18.91260545080483
2024-08-09,42.30019867427703,88.03266562759566,6.169023454354875,19.60788434951708
2024-08-10,42.198111915067045,88.42687566493743,5.738766540613361,18.828092641387727
2024-08-11,42.172322237185504,88.44944274914488,4.838616370075206,18.117734744340215
2024-08-12,42.26424432336056,89.24350903881488,3.489981831938594,15.522931919349869
2024-08-13,41.95796539456249,88.53133719427414,2.8747614873332035,14.309320913933268
2024-08-14,41.50865308881312,89.72197287206714,3.753338192638523,16.51837400514733
2024-08-15,41.49404779958881,90.20484184721073,4.379240089055083,17.087308647077034
2024-08-16,41.44003573112318,88.7954841091288,4.467034542905166,17.614052418607717
2024-08-17,41.17165009757379,88.94888176113821,3.8749121061639844,16.69023967764437
2024-08-18,40.997779967835754,88.69705376975982,2.836942144428736,15.865501422636388
2024-08-19,40.96355144303432,89.18836178998833,1.379558270034308,13.190225967862357
2024-08-20,40.556221806522025,88.15103569299734,0.6888506574528535,11.93333028313404
2024-08-21,40.033493488514786,89.00069862227821,1.528430551548098,14.13848476545274
2024-08-22,39.9749294358835,89.13380977287557,2.1539914509931446,14.743962299257106
2024-08-23,39.907468478494835,87.37323099789496,2.281136529597295,15.347578840741791
2024-08-24,39.656389924339535,87.1813782161663,1.7679313025443415,14.539702322146415
2024-08-25,39.53000810597225,86.59763509134339,0.8471640252592056,13.867590614566202
2024-08-26,39.57206216191073,86.77747779787252,-0.4571283167811142,11.378234275098109
2024-08-27,39.26764164340675,85.45582413496896,-0.9622927370984318,10.336240998987282
2024-08-28,38.87155408969998,86.0543913723226,0.09091116575254077,12.780200665810533
2024-08-29,38.959814828666616,85.97498538184004,0.9530078158107518,13.64269713923873
2024-08-30,39.05525565921646,84.04493120418287,1.3337927180576452,14.515428695448355
2024-08-31,38.97859916207373,83.73010964425215,1.0850639301066547,13.982408026029077
2024-09-01,39.0332763919333,83.07228046289872,0.4330748103720179,13.584496403971714
2024-09-02,39.25794986232768,83.22814346870199,-0.6047401283136988,11.362441484623597
2024-09-03,39.13257873168331,81.93265258052695,-0.8521968152353896,10.574949503969021
2024-09-04,38.90692844462335,82.60636832338429,0.44380592527655693,13.25522489451253
2024-09-05,39.152201098523825,82.64877162667095,1.5281680198194625,14.33113808374267
2024-09-06,39.386779219514324,80.88374861127632,2.1057434142149,15.390478597246526
2024-09-07,39.427425850124656,80.77270972808547,2.024217732823681,15.014260448005423
2024-09-08,39.574215094874674,80.3520218423977,1.5066806984769636,14.741331345055155
2024-09-09,39.86315177011323,80.77220190180958,0.5684414879786255,12.611453138222142
2024-09-10,39.7723142380003,79.76138396550193,0.38465376570760945,11.883383264966033
2024-09-11,39.55042036955108,80.73284122129792,1.708505322535851,14.59139030648839
2024-09-12,39.76849118561668,81.078481578515,2.786086695225027,15.66536557869891
2024-09-13,39.94560377925389,79.61452190750606,3.324498812759348,16.695990069332282
2024-09-14,39.90007601564609,79.79479945797692,3.1746500474316885,16.2679268437848
2024-09-15,39.93435743999728,79.64839413102861,2.5637176845312144,15.92429443866569
2024-09-16,40.087586009775066,80.31900536247484,1.511825581142923,13.709593355707684
2024-09-17,39.841646363621074,79.5285906824929,1.1995091908249735,12.88762067240417
2024-09-18,39.44963182400709,80.68504315616855,2.385728014642231,15.497811507505954
2024-09-19,39.48738749400127,81.17582227844727,3.322545524865533,16.475175093203802
2024-09-20,39.4791293458723,79.81373989283095,3.72304263843772,17.41529059583595
2024-09-21,39.24848548404352,80.05035677011799,3.443921318759985,16.90733845240634
2024-09-22,39.1032379891018,79.91366130799142,2.717779494718557,16.498428015842496
2024-09-23,39.087729114483224,80.54747263597582,1.5696150225608427,14.236398354159828
2024-09-24,38.688771765901954,79.67507449737907,1.1841354138911058,13.387631256588179
2024-09-25,38.16397062204895,80.70685721807993,2.323638352596867,15.993318395216612
2024-09-26,38.09313524433448,81.03388323696551,3.2425872669619986,16.989352674144083
2024-09-27,38.0037837735285,79.4735794417002,3.6554513769413086,17.97131018477877
2024-09-28,37.722086702916755,79.48301434924718,3.4192691527988757,17.527498767490567
2024-09-29,37.55753195391291,79.0964346616913,2.7659176693108707,17.20333315505545
2024-09-30,37.55527727551227,79.46450713725389,1.7186457699252502,15.044211703543736
2024-10-01,37.202031512241355,78.31777629391293,1.4594468368820408,14.313430963561705
2024-10-02,36.754372030485335,79.07411978295885,2.747034172365397,17.048576373160184
2024-10-03,36.790179870245034,79.13212169834485,3.8315402086309795,18.181554691679544
2024-10-04,36.83419071845871,77.3165719948779,4.422504980938639,19.303729582311732
2024-10-05,36.70900998231859,77.09155499419923,4.371607997956119,18.999130900881617
2024-10-06,36.71987129936917,76.49780633020262,3.9051205260164403,18.808991974202808
2024-10-07,36.90710198950945,76.6917888515202,3.04063023796708,16.774784122419483
2024-10-08,36.752133918828804,75.40900221480129,2.954607750524607,16.15627906160102
2024-10-09,36.505963516634566,76.07131175236857,4.400571672747447,18.988072176063532
2024-10-10,36.740738588672684,76.08022006089944,5.623967093565788,20.199727493010116
2024-10-11,36.97546583229786,74.26229201858496,6.330316945805858,21.381001650413058
2024-10-12,37.02718299221829,74.08219803494475,6.368094872496878,21.115114113310717
2024-10-13,37.19587062594782,73.5800559559723,5.961291769237365,20.943315550782305
2024-10-14,37.51706271117747,73.91052243494238,5.126223937958878,18.907922277597873
2024-10-15,37.467990507005105,72.80614801283772,5.039149322176089,18.270347121424123
2024-10-16,37.29615968186929,73.68478023595705,6.454446460908471,21.067560525063048
2024-10-17,37.571035057537436,73.94293627169634,7.619470245297996,22.232144615894075
2024-10-18,37.80982410949821,72.40135306979323,8.242644251604768,23.357400460798473
2024-10-19,37.82870100407269,72.51817661091425,8.17623979421386,23.030479630429586
2024-10-20,37.92774465178899,72.32646688884641,7.648816536857813,22.796796677197904
2024-10-21,38.14354923153708,72.97346524652993,6.681876336467721,20.702895799097025
2024-10-22,37.95534155468127,72.18413381676292,6.457301497891173,20.014307923693863
2024-10-23,37.61350597662187,73.36874671708831,7.735337616004744,22.771838209988864
2024-10-24,37.69119261884158,73.91644971823492,8.769241295402598,23.911453000786768
2024-10-25,37.71000213595391,72.64099175094623,9.27315920633989,25.029232646313343
2024-10-26,37.49109152493743,72.9940852895132,9.104695579908235,24.71436721784695
2024-10-27,37.3399777202467,73.0030680478395,8.497149998643849,24.5134570999967
2024-10-28,37.299001149877746,73.81030879655624,7.4759840134029805,22.473296417634977
2024-10-29,36.85328769474145,73.13686373308146,7.226094241662847,21.858679345065504
2024-10-30,36.25911407073699,74.39016030854347,8.509658012209192,24.70867209310954
2024-10-31,36.09535682657665,74.9576231233203,9.580676952800458,25.956521274911864
2024-11-01,35.8890226159167,73.65244383392005,10.152789131736569,27.19466552919017
2024-11-02,35.46620853501224,73.92695140182985,10.081809909509087,27.0078266253512
2024-11-03,35.13677331326509,73.81025513736822,9.597985197692045,26.93743998910159
2024-11-04,34.94668521155914,74.44760408011658,8.722516206847436,25.024599335930912
2024-11-05,34.383888283487096,73.56397056961208,8.634932560525629,24.528051049951774
2024-11-06,33.706594674339485,74.5716369757612,10.091077733905479,27.480675666763876
2024-11-07,33.49468517469609,74.86370284918102,11.337828820308086,28.809620847131715
2024-11-08,33.2752170222979,73.25971758995195,12.081116637466087,30.101545710439908
2024-11-09,32.873388352755526,73.21889854120072,12.168700643723644,29.935945252737092
2024-11-10,32.59723995267974,72.77761085896462,11.822675742395424,29.84980702614527
2024-11-11,32.4900592973156,73.08855681685013,11.056262688190323,27.880766981977285
2024-11-12,32.03632694044911,71.88418662639278,11.041451065799597,27.28529255299764
2024-11-13,31.49011067430571,72.58411397051718,12.527250582356261,30.09532323923119
2024-11-14,31.42658681281099,72.58845763115767,13.754664391991458,31.238526692090296
2024-11-15,31.367684202601332,70.72331822030861,14.42494235958556,32.303624696306315
2024-11-16,31.133196542354927,70.4538535253424,14.382561055189207,31.87375342200305
2024-11-17,31.02563952067933,69.82163203220723,13.847900542636236,31.491107054675275
2024-11-18,31.082813404064048,69.98371502989446,12.834163547007053,29.20003004983251
2024-11-19,30.783906706855007,68.67598159416575,12.51510092604178,28.26508593593745
2024-11-20,30.378041964119483,69.3204812908055,13.643295396483396,30.727534328356416
2024-11-21,30.435938725888015,69.31873701821235,14.465114832688556,31.52537709860248
2024-11-22,30.475685422513422,67.49720741936798,14.688892130387966,32.25843255271088
2024-11-23,30.313962117661834,67.320372179493,14.167779054401942,31.521407858150475
2024-11-24,30.250987584812396,66.82811898187995,13.132246313163812,30.868225970141445
2024-11-25,30.323148839505997,67.17488117168793,11.606779141585672,28.354780545390796
2024-11-26,30.009146904114374,66.09303855727666,10.777337452356631,27.256655891621534
2024-11-27,29.55855866580353,67.00036386675289,11.409338957737107,29.625253378572424
2024-11-28,29.54348951221875,67.29343457351493,11.762284184071053,30.407495385939534
2024-11-29,29.48430869794479,65.79321651052302,11.557588932619014,31.210575854459098
2024-11-30,29.200810488823183,65.95827936069179,10.661080894087673,30.63473767866117
2024-12-01,28.997076247923417,65.82231943676678,9.315142422865474,30.237342680887146
2024-12-02,28.91399797086192,66.53343540169242,7.555058721076456,28.075416347207995
2024-12-03,28.435300002733587,65.81766600891186,6.576150386404258,27.423211998553437
2024-12-04,27.81596224907552,67.08656916397298,7.151458264011038,30.328242135803983
2024-12-05,27.63372341602882,67.73075901764594,7.546108431753167,31.7309528217482
2024-12-06,27.41466037401793,66.56560479067845,7.484930887737505,33.22951325594475
2024-12-07,26.984191007734545,67.04454904307521,6.834795531628475,33.41270204383503
2024-12-08,26.6517800858485,67.1967188225006,5.836652988762527,33.82415525769788
2024-12-09,26.463312959758923,68.16627379762284,4.52184355333772,32.50515589628746
2024-12-10,25.906977937918878,67.67599936964777,4.079255580034229,32.7125049397507
2024-12-11,25.241564461175535,69.13492344826473,5.273101898187752,36.47491544017071
2024-12-12,25.047859021087397,69.93187345685797,6.357440928661536,38.713097526957775
2024-12-13,24.854137822868722,68.8811775778012,7.044013146905131,41.00499699796368
2024-12-14,24.487105884745734,69.43596869166483,7.184851838939802,41.91915824186028
2024-12-15,24.25656379528909,69.62576557935972,7.004649440762712,42.979464832812766
2024-12-16,24.207767941217618,70.59577697481699,6.517435016492192,42.20842494896076
2024-12-17,23.82732534541831,70.07043823658586,6.894135214899372,42.84552898427162
2024-12-18,23.371529819001367,71.46096133272194,8.880777250851946,46.904107937824236
2024-12-19,23.417820247967988,72.15881688091416,10.713449788092863,49.29184792279403
2024-12-20,23.490358229553483,70.98135453385005,12.086581072701229,51.57641159394831
2024-12-21,23.411072351233024,71.38502247842266,12.835981781407478,52.31912636423253
2024-12-22,23.484447392820886,71.40286290299488,13.171622513868513,53.039983183391385
2024-12-23,23.750020865292374,72.18373121436795,13.094690553190489,51.761105047429396
2024-12-24,23.68842426643825,71.45575081959889,13.765488033180016,51.72520644993797
2024-12-25,23.549871743262482,72.63378601680353,15.921920869835962,54.952468217441265
2024-12-26,23.90577282650555,73.11285334779485,17.794686412632025,56.36098108548454
2024-12-27,24.27446227201489,71.71367904200102,19.075712736048292,57.53220906825992
2024-12-28,24.472390212818112,71.89586436436,19.601292282348375,57.0444350087094
2024-12-29,24.799047017056935,71.69533645692215,19.584876847099487,56.437436823365786
2024-12-30,25.289581690595053,72.26353287878969,19.03407750021649,53.755560478022616
2024-12-31,25.420948036849595,71.33083177562352,19.118432495222734,52.2657197420287
2025-01-01,25.440478588417257,72.31401004720034,20.58769537025597,54.01375775712154
2025-01-02,25.917560863042993,72.60964942110233,21.686755908727953,53.944335868129485
2025-01-03,26.369407482541074,71.03969737854193,22.12375334097259,53.665814050867766
2025-01-04,26.612262515357894,71.06464385881105,21.752832542558053,51.78309946083239
2025-01-05,26.94631826555571,70.72099028376802,20.80651964027857,49.861726243025075
2025-01-06,27.408301844046484,71.16045794021642,19.312271166210103,45.97034737441642
