,ds,SO2,CO,O3,NO2,PM10,PM25,지역명
0,2024-01-01,0.002946076488362613,0.8267337918501567,0.00989302202895358,0.039347993732205336,42.9668517707273,32.42772986693966,성북구
1,2024-01-02,0.0029359709647726996,0.8166065804057561,0.009643910207778147,0.03987611859444239,44.08445968184316,32.65503354270426,성북구
2,2024-01-03,0.0030123052965220854,0.8441251861170695,0.009191433713622441,0.04132421241385534,48.18059045790733,33.943356868710794,성북구
3,2024-01-04,0.003016828984035402,0.8407980770540116,0.010274232418068949,0.040754411495286455,48.446721984227295,34.21809673970507,성북구
4,2024-01-05,0.003058922831878311,0.8390968286219429,0.01145063696573767,0.040987314984276005,49.00761797477732,34.998368196515344,성북구
5,2024-01-06,0.0030036947659624197,0.8402422088142938,0.012739766393327124,0.0386740852070121,48.97867255530369,35.45393779919418,성북구
6,2024-01-07,0.0029253050944569605,0.8106010920183673,0.015122866927934237,0.033676148655392826,47.548204422836626,34.37930442669361,성북구
7,2024-01-08,0.003000286607286619,0.8185175328033892,0.011162750376139726,0.03926240559947049,46.96678391041311,32.78264950775593,성북구
8,2024-01-09,0.002960996796491398,0.7912277915484993,0.011317259965835356,0.039045434714850835,47.471974427237754,32.04925596839901,성북구
9,2024-01-10,0.0030079347861954398,0.8024567330396961,0.011229196447924212,0.039773933061344066,50.92000772085535,32.41473837997051,성북구
10,2024-01-11,0.002983399013291827,0.7840242997793638,0.012631652360953845,0.038523687299772055,50.513185432574765,31.822211417519974,성북구
11,2024-01-12,0.0029972981494672895,0.7686825920122811,0.014078762479203083,0.03812791625022162,50.38726099827686,31.807145091856476,성북구
12,2024-01-13,0.0029152362847474932,0.7578957497173373,0.015586861643460534,0.0352490938098229,49.66856510516438,31.553940451020498,성북구
13,2024-01-14,0.002811828608947138,0.7182316219476359,0.018135843276361,0.029758407471212157,47.55609203678627,29.869695720028147,성북구
14,2024-01-15,0.0028640131764279056,0.7181886795771224,0.014288577500985564,0.034932766170776015,46.31063483329014,27.77289230722607,성북구
15,2024-01-16,0.0028044961896845255,0.6851080595342431,0.01450431835073669,0.034390848494743734,46.17935467271593,26.65660607446576,성북구
16,2024-01-17,0.002834063503768183,0.6927682270647142,0.01442853555459395,0.03488543499991114,49.02730710252653,26.761591003955274,성북구
17,2024-01-18,0.002795234464369951,0.672990990803918,0.015798122432499614,0.03349432265415379,48.06471995802088,26.03336544580972,성북구
18,2024-01-19,0.0027980705999874297,0.6584794026207215,0.017171992384722955,0.03305066227222468,47.434278531984354,26.007050840146285,성북구
19,2024-01-20,0.002708260176972996,0.650599704528825,0.01857206032560941,0.030214827381451512,46.26818185708503,25.86399637006209,성북구
20,2024-01-21,0.0026004348031380183,0.6157762432400095,0.020984408040237088,0.024853967848566173,43.77018724321736,24.405657623903583,성북구
21,2024-01-22,0.0026514835780967975,0.6223227136362627,0.016978498411189508,0.030239158823401144,42.204730011575975,22.642455215434644,성북구
22,2024-01-23,0.002594002105877076,0.5973594971708898,0.017020374201869286,0.029981631689200126,41.82150212234202,21.957213793746774,성북구
23,2024-01-24,0.0026286089235209613,0.614414435772154,0.01676228306578989,0.030825325401075302,44.48700998454336,22.578522266790415,성북구
24,2024-01-25,0.002597605286985023,0.605035610169856,0.017947686309210394,0.029838049960826486,43.41190342237468,22.438137946351482,성북구
25,2024-01-26,0.0026107906455675196,0.6016364733791085,0.019141669519368035,0.0298420959439291,42.73832810216532,23.056176070651635,성북구
26,2024-01-27,0.0025335546125602303,0.6052853099405588,0.02037175651630628,0.027486391045089403,41.597061756884806,23.598108991550486,성북구
27,2024-01-28,0.0024402014106800585,0.582107744479314,0.02262893005319512,0.022626349205594826,39.18964769818492,22.849033449992746,성북구
28,2024-01-29,0.0025072720831368256,0.60012546379274,0.018486727880766714,0.02852131502284375,37.777608915853776,21.802922005787302,성북구
29,2024-01-30,0.0024670015838917283,0.5861807265819565,0.01841435265934488,0.028771082403683694,37.60712296152932,21.82644920354908,성북구
30,2024-01-31,0.002519643109373324,0.6135438197285371,0.0180662392488933,0.030108718449000607,40.540674669896156,23.132723738438674,성북구
31,2024-02-01,0.0025071354366829842,0.6135318633299477,0.01918703779164264,0.02959197745589713,39.78447582959272,23.63904030516545,성북구
32,2024-02-02,0.0025389254423838405,0.6183591677847958,0.020342030607243215,0.03003413280078361,39.47590171071532,24.852384327548666,성북구
33,2024-02-03,0.0024800664748749705,0.6289309891047256,0.021557983306811145,0.028076322387286027,38.74070292464835,25.926706567954824,성북구
34,2024-02-04,0.0024045484490666756,0.6112493076992941,0.02382423159206664,0.023567548938937043,36.77520482919991,25.63741990164798,성북구
35,2024-02-05,0.0024886248708813324,0.6332537250231938,0.019711869563253256,0.02976223465860678,35.835577111540864,24.970829476835995,성북구
36,2024-02-06,0.002464273849038491,0.6217470124351667,0.01968697449621881,0.030256807211355704,36.16255368765431,25.28808339847801,성북구
37,2024-02-07,0.0025315254274467726,0.6500024622191976,0.019400307483262828,0.03178254722528372,39.61312049815205,26.798973225414635,성북구
38,2024-02-08,0.0025321310005654374,0.6493814647555094,0.020592443741089414,0.03139698261875255,39.38796137793947,27.41969748897992,성북구
39,2024-02-09,0.0025753870077833705,0.6521815667006687,0.02182434566683579,0.03191465912363537,39.618913440674966,28.658322440385277,성북구
40,2024-02-10,0.0025262336241118994,0.659426935993222,0.023118373938135865,0.029979385415399844,39.42619237064498,29.671959469563227,성북구
41,2024-02-11,0.0024585843796992614,0.637269964167891,0.025459532999246522,0.025444097883980315,38.00060203243432,29.241115266354797,성북구
42,2024-02-12,0.00254865199567203,0.6538272280458206,0.0214148117761876,0.03156824922575613,37.59281339505552,28.358930947817676,성북구
43,2024-02-13,0.0025284075863572157,0.636099491546861,0.021446549891841037,0.03195420323230252,38.43809532064013,28.394903352938655,성북구
44,2024-02-14,0.0025979056625998736,0.6575730584739184,0.021202264516997468,0.033339871983372786,42.38801713276595,29.568424735104593,성북구
45,2024-02-15,0.0025989508049013804,0.6498310711016999,0.022419887954671917,0.03278988718113974,42.63791528090306,29.80626167465897,성북구
46,2024-02-16,0.002640918310001552,0.6453951854288278,0.02365842598978917,0.03312614165054119,43.31437737110858,30.62771548771704,성북구
47,2024-02-17,0.0025888496334064725,0.6455097251821194,0.0249390299909225,0.03099980610552331,43.532505372433874,31.201491869932415,성북구
48,2024-02-18,0.0025167786599790227,0.6165372167651645,0.027246277594804063,0.02627097274767142,42.47817332722963,30.3197441394044,성북구
49,2024-02-19,0.0026010541812404426,0.6267886897007587,0.02314752213703123,0.03220583606918406,42.397364912356124,28.987014367661946,성북구
50,2024-02-20,0.0025737958097820073,0.6034385722135915,0.023106241259175667,0.032412898916051536,43.520973137823695,28.583673221727445,성북구
51,2024-02-21,0.0026352158332229284,0.6201216241863997,0.022771820808392552,0.033635445032743676,47.69658119824431,29.339201727252032,성북구
52,2024-02-22,0.002627282930325182,0.6085406127790127,0.023884725884543292,0.03294257404005348,48.11601525971571,29.18944193505117,성북구
53,2024-02-23,0.002659540092324636,0.6013052483176115,0.025007071535411277,0.03315963817886505,48.9029203136642,29.66156395690107,성북구
54,2024-02-24,0.002597197596941645,0.5997145434698917,0.026163589179506952,0.030940188239221546,49.17011821616329,29.930781207215695,성북구
55,2024-02-25,0.0025144570782433887,0.5701515316597414,0.02834278719813817,0.026145581523058407,48.10196007648459,28.79428113330676,성북구
56,2024-02-26,0.002587832069244075,0.580913735268261,0.024116169870207985,0.0320421624359731,47.94375480251879,27.260097408737415,성북구
57,2024-02-27,0.0025496022345983327,0.559129191697841,0.023951449358875852,0.03223750293975355,48.926652293940094,26.710524848356634,성북구
58,2024-02-28,0.002600133773463048,0.5783554313588846,0.023502191276436317,0.03347294225756025,52.89949637937892,27.37541945833373,성북구
59,2024-02-29,0.002581541885673461,0.5701900397841871,0.024512850086130567,0.03281471901768323,53.0564343823286,27.189508628156766,성북구
60,2024-03-01,0.002603507610159141,0.5671132258516974,0.02554921110086727,0.03308453156392168,53.52453071959192,27.67745586066597,성북구
61,2024-03-02,0.0025313698467923826,0.5702744439500825,0.026639239143321905,0.03093162952767757,53.42114024536855,28.01070782794058,성북구
62,2024-03-03,0.0024394485689054743,0.5458918747840014,0.02877413589943225,0.026212584604931248,51.936250566676335,26.98158614736085,성북구
63,2024-03-04,0.002504364570181233,0.5620880119488326,0.024527473227545022,0.03218864580273268,51.32187280501128,25.592344285956393,성북구
64,2024-03-05,0.0024584929349678064,0.5458110109694331,0.0243683396307474,0.03246216079384142,51.81685768907481,25.218784784239475,성북구
65,2024-03-06,0.002502282690561546,0.5704390398951587,0.02395094225588379,0.033769297088154855,55.27865129871639,26.08377283223024,성북구
66,2024-03-07,0.0024779185212838893,0.5673961095288359,0.025019621806126442,0.033171350602213726,54.91077747747015,26.114764703423603,성북구
67,2024-03-08,0.002495136849223383,0.5689996563333151,0.026139297520055844,0.033485471995812324,54.85029541127065,26.82908901293905,성북구
68,2024-03-09,0.0024193170985902877,0.5762517862661483,0.02733634193626253,0.03135690891454516,54.22499016377804,27.391002414604124,성북구
69,2024-03-10,0.002324804166521887,0.5552428578342764,0.0295996864133521,0.026638907669082387,52.23550844555956,26.585976388975233,성북구
70,2024-03-11,0.002388227469016787,0.5739905417070097,0.025500022929853785,0.032590175873306856,51.14452307644715,25.409930375771353,성북구
71,2024-03-12,0.0023419537844525736,0.5593639233073624,0.02550303702205041,0.032811384710070106,51.20130786944161,25.233002011527986,성북구
72,2024-03-13,0.0023864063936024104,0.584689819033983,0.0252591113433236,0.03403794241405087,54.27324285397708,26.27318691051409,성북구
73,2024-03-14,0.002363726441528036,0.5813697392625169,0.026508453918299767,0.03333132533782547,53.573043075039884,26.453963820184065,성북구
74,2024-03-15,0.0023835888747634148,0.581727750730155,0.02781166460680703,0.033509796683377224,53.24596614673546,27.289641417795494,성북구
75,2024-03-16,0.002311293819860189,0.5868011508705201,0.02919073565317083,0.031220611675384327,52.42676331420057,27.942447662767353,성북구
76,2024-03-17,0.0022210894732768694,0.5627426610295845,0.031630283364038406,0.026319854238792215,50.32159335023806,27.19681864948668,성북구
77,2024-03-18,0.0022894919138204154,0.5776573277260946,0.027696872554385025,0.032069809070199885,49.19698967389224,26.048603463638347,성북구
78,2024-03-19,0.002248739095431762,0.5585237716049928,0.027852364897893788,0.03207535089311467,49.3042690136232,25.868777944594935,성북구
79,2024-03-20,0.002299111544983234,0.5787970469995833,0.027743727221619368,0.033076586257687585,52.51090758434199,26.877002735868963,성북구
80,2024-03-21,0.002282595704444807,0.5700216536458916,0.02910825075694842,0.03214003855001764,52.027683320018966,26.99914508766991,성북구
81,2024-03-22,0.002308702271264941,0.564675074365466,0.030504192275364335,0.032089210982174,51.99584371350119,27.752504868857923,성북구
82,2024-03-23,0.002242560388541435,0.5639538816488354,0.03195183094730859,0.029576631271601754,51.544067290561344,28.30277030482135,성북구
83,2024-03-24,0.00215824372470291,0.5341712557281081,0.034434736536576756,0.02446352809502345,49.87044007856382,27.438165244184464,성북구
84,2024-03-25,0.002232093807575656,0.5435892402523471,0.03051910978313993,0.03001704816433937,49.23153814245354,26.158509411116654,성북구
85,2024-03-26,0.0021961778085347336,0.5193355094990789,0.030667125983663376,0.029846500457415867,49.86700377554057,25.83878943548034,성북구
86,2024-03-27,0.0022506132244676153,0.5350020377949807,0.03052671833752595,0.03069586734987589,53.631139124003724,26.70258071358958,성북구
87,2024-03-28,0.002237235306635711,0.52225433030751,0.031836753227585064,0.029634877209627934,53.720312149067084,26.67944387108603,성북구
88,2024-03-29,0.0022654194887628478,0.5136716932168871,0.033157610104757276,0.029489476519589834,54.26042944224114,27.29004009903344,성북구
89,2024-03-30,0.002200179555782695,0.5105306741160822,0.0345121620749067,0.026913807834023327,54.36423757759961,27.702994088036473,성북구
90,2024-03-31,0.002115497477238688,0.4792005845044623,0.03688695550096573,0.021769845479206712,53.213666842874346,26.708968875270315,성북구
91,2024-04-01,0.0021876501523620077,0.48797447935986304,0.032851452520085575,0.027324598853365377,53.0492998976747,25.309675810670978,성북구
92,2024-04-02,0.0021486701462040013,0.4639853949966582,0.03287127077620888,0.02718637002283067,54.095343618834306,24.881418380092185,성북구
93,2024-04-03,0.002198672753622878,0.48080524104818956,0.03259786036059823,0.028097304685400122,58.19161801357782,25.64851006619898,성북구
94,2024-04-04,0.0021795251385191296,0.47005498890107167,0.033773573575294515,0.027124529575727384,58.52134688995028,25.540689341154717,성북구
95,2024-04-05,0.002200669711947664,0.46424659651928096,0.03496214354241025,0.027090712132949217,59.19899454051717,26.078274617953188,성북구
96,2024-04-06,0.002127222418350517,0.46456874256688185,0.036189570911920696,0.024646145807307555,59.32790009825663,26.429085737103374,성북구
97,2024-04-07,0.002033301801389655,0.4372852058248552,0.03844521983368067,0.0196485094016755,58.08291389693679,25.382593536445384,성북구
98,2024-04-08,0.0020953540662375313,0.45056917351559406,0.03430098955627654,0.025360206313481487,57.70010966396897,23.939017428642284,성북구
99,2024-04-09,0.0020456112120004724,0.4314231757405156,0.03422449794851988,0.025384766038573484,58.40194313342981,23.472966047292736,성북구
100,2024-04-10,0.0020844145912532774,0.4532819284279995,0.033868718404999325,0.026459542461750352,62.0293645722129,24.206957201948107,성북구
101,2024-04-11,0.0020538796908385368,0.44762660768551815,0.03497702665009875,0.025646997394840117,61.769665011696915,24.068936170223964,성북구
102,2024-04-12,0.002063714370799121,0.44683087364128643,0.036113673771004835,0.025765400643292302,61.74429720535544,24.57753110402645,성북구
103,2024-04-13,0.001979311329488439,0.4519505960259436,0.03730468444443242,0.023461045654171966,61.06642152515976,24.89906823179389,성북구
104,2024-04-14,0.0018750707889736706,0.42912600155767366,0.03953898065653191,0.01858812516449195,58.923381554858366,23.82180479789985,성북구
105,2024-04-15,0.0019277187615323972,0.44641941889598213,0.03538759586953421,0.024406169206731575,57.56618553804708,22.345096467101367,성북구
106,2024-04-16,0.0018697581329190584,0.43073822168984494,0.03531691403301854,0.02451652489819978,57.23436848426665,21.84309157646836,성북구
107,2024-04-17,0.0019017850954957767,0.4554401693226565,0.03497837258407264,0.025655110265147555,59.78774845526796,22.53828640365824,성북구
108,2024-04-18,0.0018661469111428436,0.4519496016241634,0.036113583298374094,0.024883729016094144,58.433864546085445,22.35905908519501,성북구
109,2024-04-19,0.0018727534312672383,0.45260475695888686,0.03728488442884721,0.025020776770292266,57.31534682436548,22.82492028925967,성북구
110,2024-04-20,0.001787163331847216,0.45844813644590693,0.038516320064085105,0.022713437809545288,55.56697899027659,23.1035033967242,성북구
111,2024-04-21,0.0016839012415489968,0.4356286247103849,0.04079484394060595,0.017817517573687155,52.39767011549616,21.984752944065605,성북구
112,2024-04-22,0.0017397712962342131,0.45223855315885053,0.03668960967203285,0.0235948148142566,50.079423982039245,20.470029581589067,성북구
113,2024-04-23,0.001687304511375948,0.4352353358882718,0.03666527898139379,0.02364951509492861,48.87169363526468,19.935726115734823,성북구
114,2024-04-24,0.0017270726396963086,0.45804492567705446,0.03637178454631099,0.02472084078174911,50.65264760075908,20.60673157807896,성북구
115,2024-04-25,0.0017013446020263368,0.4521756108020372,0.03754949915038727,0.023874247866381173,48.64614798255648,20.413864222083642,성북구
116,2024-04-26,0.0017198979968065754,0.45006250109115603,0.03875982285003028,0.023932003985259447,47.0087028440673,20.87901520306395,성북구
117,2024-04-27,0.0016481066911289309,0.4528547169726935,0.0400261828643326,0.021545250864521883,44.886164876427955,21.172029606697464,성북구
118,2024-04-28,0.0015602606809360803,0.42681409209419874,0.042335242743315765,0.01657370074797567,41.49540274777734,20.084787619712724,성북구
119,2024-04-29,0.0016328837265195838,0.44014868173873684,0.038256182670606195,0.02228287509643674,39.11304219785445,18.6202081275994,성북구
120,2024-04-30,0.001598186090631836,0.41993081622069556,0.03825398295578136,0.022280371523524817,37.999671296731,18.15577319388672,성북구
121,2024-05-01,0.0016563849459586095,0.4396970553129699,0.03797914835825866,0.023308398153978505,40.03104117777856,18.916913970596596,성북구
122,2024-05-02,0.0016493684048297253,0.4310586693435409,0.039172826495644006,0.02243486943429273,38.42506522282655,18.83438214401592,성북구
123,2024-05-03,0.0016865155096543558,0.42654309344817043,0.040397334082534125,0.022483900971346924,37.32887966139925,19.429351358970656,성북구
124,2024-05-04,0.0016327929920119354,0.4273784571314302,0.04167708815024411,0.020107809271396604,35.875735904431906,19.87027736221666,성북구
125,2024-05-05,0.001562084769590718,0.3998900758496038,0.04399974157001626,0.015166767924174695,33.26694709406917,18.946981045274452,성북구
126,2024-05-06,0.0016505194506740498,0.4123322585857175,0.0399353877298453,0.02092602979507156,31.760979870214047,17.65967731432901,성북구
127,2024-05-07,0.0016299329249842105,0.3918052162089406,0.03994976953852447,0.020992201710336698,31.598077691387395,17.382548109337243,성북구
128,2024-05-08,0.00170019835358112,0.41185445494764894,0.039693933530403874,0.022105810572899964,34.63193711158911,18.33719920800365,성북구
129,2024-05-09,0.0017028992578588262,0.4040812908656972,0.04090928535787465,0.02133245392914482,34.05722849657972,18.450123241991673,성북구
130,2024-05-10,0.0017471578013899646,0.40098492391976964,0.04215806324401844,0.021493370824362763,33.99721134660645,19.23791097244908,성북구
131,2024-05-11,0.0016977388427064297,0.403748148083251,0.04346422906135133,0.019237536406399084,33.56120077452777,19.864236517174877,성북구
132,2024-05-12,0.0016283855197913439,0.37863554177002723,0.04581457846810144,0.014421428810740591,31.927093225911015,19.114077097907437,성북구
133,2024-05-13,0.001715151455029805,0.3938274346578092,0.04177793657269913,0.020306374372774345,31.331027795753656,17.982886167484985,성북구
134,2024-05-14,0.0016898665113539886,0.3763393643364725,0.04181837536474339,0.02049495373871006,31.99255496533615,17.840313838469637,성북구
135,2024-05-15,0.0017524683017035169,0.3996243245155636,0.0415848941451443,0.021723703625619276,35.74682016180542,18.903809650830308,성북구
136,2024-05-16,0.0017446750823782201,0.39518634945180797,0.04281651906668426,0.02105440291882515,35.77254051123396,19.096225453304346,성북구
137,2024-05-17,0.0017758120983030717,0.3954257761456289,0.04407283753744925,0.02130477460309565,36.1800130778093,19.931155884588318,성북구
138,2024-05-18,0.0017109119776902285,0.40142816094638345,0.04537496570106277,0.01912070277138206,36.068900822789494,20.570037822397545,성북구
139,2024-05-19,0.0016240450016338425,0.3793655951850236,0.047706748375418995,0.014356109285428178,34.610995895002674,19.796465420886804,성북구
140,2024-05-20,0.0016916444464523867,0.3973336195638673,0.043634055327036576,0.02027039255517916,34.04003020798108,18.605436153370604,성북구
141,2024-05-21,0.0016459640806742691,0.3822733605072478,0.04361810705546504,0.020464907922747657,34.576900983474836,18.36711895972793,성북구
142,2024-05-22,0.0016874002085539642,0.40757610881417267,0.04330526787735557,0.021675721904317075,38.06181689720589,19.300477431226607,성북구
143,2024-05-23,0.0016581541145710328,0.404698815124836,0.04443225870371602,0.02096492714992537,37.68214386720385,19.330864496276178,성북구
144,2024-05-24,0.0016680472293586304,0.4060107868884151,0.045556801386631304,0.02115134851655605,37.56019187674492,19.97532562803318,성북구
145,2024-05-25,0.0015826098891639946,0.4125835215381992,0.046698688939428856,0.018882739160295453,36.81069452481509,20.399632350129263,성북구
146,2024-05-26,0.0014763998041008907,0.39059239465779666,0.04884107719540398,0.014015611660767806,34.62318859990689,19.392503942791436,성북구
147,2024-05-27,0.001526315730322407,0.4081533938231433,0.04454985818692269,0.019812607849884995,33.251373348027144,17.954734896052738,성북구
148,2024-05-28,0.0014650437250081005,0.3922445292289069,0.04428704516950256,0.01987888876674264,32.937828612209344,17.462822134704354,성북구
149,2024-05-29,0.0014933686648751572,0.41630916597456713,0.04370060429010887,0.020954779604094143,35.54561046157665,18.1424285916215,성북구
150,2024-05-30,0.001453827155486052,0.4118697928331189,0.04452968306640387,0.02010695971602833,34.28551747858148,17.925803855955408,성북구
151,2024-05-31,0.0014565144012130197,0.41137256698506375,0.04533524597735343,0.020159031793768656,33.30328400066647,18.33690367977342,성북구
152,2024-06-01,0.0013671661271112,0.41597463696036724,0.04614111061316761,0.017763573217673998,31.736467297558825,18.548235245938955,성북구
153,2024-06-02,0.0012604718507589568,0.3919430407542016,0.04793517986119099,0.012781818968386328,28.79625124925564,17.354891441852846,성북구
154,2024-06-03,0.0013133851404673947,0.407488456205841,0.04328873111407066,0.018480884273380106,26.756261041807058,15.7634970876995,성북구
155,2024-06-04,0.0012585683344696762,0.38968352674198414,0.04266969392188227,0.01847001291447385,25.876782088647488,15.155666445946665,성북구
156,2024-06-05,0.0012967044490585617,0.41206310213104913,0.04173235335403337,0.019493090426374825,28.03591463758645,15.761313632746564,성북구
157,2024-06-06,0.0012701524002243876,0.4062350037667744,0.042222432224165864,0.018619716349984366,26.456468545551,15.515941291799432,성북구
158,2024-06-07,0.0012887580557142727,0.40472174572601644,0.04270756611374747,0.01867567334426834,25.292864001219428,15.945653397041323,성북구
159,2024-06-08,0.0012179421067838384,0.40874529994164016,0.043218168831631903,0.016314899352551676,23.68781258017625,16.223922492352695,성북구
160,2024-06-09,0.0011320209091517097,0.3846237803192364,0.04474848841794228,0.01139911478430641,20.854006324085564,15.1455772336104,성북구
161,2024-06-10,0.0012075257382340165,0.4006033902294831,0.03987571962300429,0.017195014778311438,19.062912075654502,13.7157349329815,성북구
162,2024-06-11,0.0011766577041346126,0.38377541132400905,0.03907310939875678,0.017310513613609396,18.569064509950053,13.313279253672821,성북구
163,2024-06-12,0.0012396107934030329,0.40767561408591435,0.03799949780653364,0.01848728085208399,21.24138706898177,14.164224534774606,성북구
164,2024-06-13,0.0012382388762710165,0.40389472516504266,0.0384042525005106,0.017791862930075897,20.290340606112288,14.199090998024719,성북구
165,2024-06-14,0.001281878893151448,0.4049203923429331,0.03885761544378705,0.0180462267661642,19.855158550302466,14.938034649901171,성북구
166,2024-06-15,0.001235450897358892,0.4119227289242619,0.039391463783387745,0.01589982958728626,19.060933900383045,15.54775924154438,성북구
167,2024-06-16,0.0011727907904488305,0.3911522899597155,0.04100028871095591,0.01120936424084226,17.10077480782614,14.815672391051212,성북구
168,2024-06-17,0.0012699808897754033,0.41077378716868973,0.036260261264259915,0.017236086742653485,16.22511348471669,13.73900609472809,성북구
169,2024-06-18,0.001258815284120539,0.3977852689884165,0.03564232383157726,0.017582209285236843,16.666548157339733,13.68849671337834,성북구
170,2024-06-19,0.0013391321784840813,0.4256200822786983,0.034801751103540696,0.01898359403520917,20.27173269810573,14.881960404354189,성북구
171,2024-06-20,0.001352488831663732,0.42576017643124886,0.03548313902936297,0.018501036893352318,20.229098705184754,15.241882451075048,성북구
172,2024-06-21,0.0014079911025394608,0.4305811082628018,0.036250839855679076,0.01895097308667628,20.656653745265782,16.280758377601135,성북구
173,2024-06-22,0.0013703981266681617,0.44114074132719394,0.03712984361491731,0.016977704081071857,20.659606320716694,17.15820832877123,성북구
174,2024-06-23,0.001313457850911595,0.42358040082651216,0.039106907373631386,0.012433290493001391,19.41302031190245,16.655321152072595,성북구
175,2024-06-24,0.0014132385065579829,0.4459616993944222,0.03474979777567911,0.01857501342076799,19.151570736821665,15.763943116809823,성북구
176,2024-06-25,0.0014015929687126386,0.43518867091568664,0.0345205813976757,0.01900188348005646,20.09476910993906,15.850501597440351,성북구
177,2024-06-26,0.001478488246083759,0.4646124445734191,0.03406540169819424,0.020447429438540478,24.079163350229898,17.129695602857673,성북구
178,2024-06-27,0.0014856757976553475,0.46564694291197156,0.03511969556453386,0.019971052798086156,24.28628933525552,17.522168305927174,성북구
179,2024-06-28,0.0015325148321250369,0.47061589490581357,0.03623886153946778,0.020388778062351603,24.830612349607634,18.539897051872945,성북구
180,2024-06-29,0.0014840692947769617,0.4805431017597386,0.03743937382031507,0.0183454968040195,24.81720586517094,19.343320878626816,성북구
181,2024-06-30,0.0014144344904656874,0.46155467373446335,0.039700136961345334,0.013694849634385444,23.424369694728284,18.715661543796344,성북구
182,2024-07-01,0.0015000586758083128,0.4817164245716073,0.03558194050932186,0.019696648738598048,22.893261073301325,17.65215357428383,성북구
183,2024-07-02,0.0014731968454903533,0.46795604687221964,0.03554094204169624,0.019953321312628326,23.45291102212895,17.523775253755332,성북구
184,2024-07-03,0.001534229250741175,0.4936673019994675,0.035218611772079626,0.02120260763118164,26.952137256452467,18.550814983116894,성북구
185,2024-07-04,0.0015253206488865453,0.4903247246676893,0.03634708670996523,0.02050880265498027,26.58713909776347,18.66039161535774,성북구
186,2024-07-05,0.0015562327423554348,0.49032916397491316,0.0374799421907616,0.020693374128758085,26.489022816737673,19.371668486991798,성북구
187,2024-07-06,0.001492410805929269,0.4947961427175031,0.03863337148663862,0.018407059054914486,25.781016547990088,19.85278609878312,성북구
188,2024-07-07,0.0014083007285149531,0.46995580933538145,0.040787566040208355,0.013509586864923928,23.660589719897107,18.894974895801827,성북구
189,2024-07-08,0.001480662055901235,0.4839877352833423,0.036506154238560906,0.019266936493327443,22.38856429433085,17.501569497666456,성북구
190,2024-07-09,0.0014420144816095573,0.46394025554919316,0.03624962701342218,0.01928761242317307,22.213604370642802,17.0515223414577,성북구
191,2024-07-10,0.0014929505088289302,0.4833316661286443,0.035665184399571205,0.0203151782148289,25.003609682643393,17.772757258366497,성북구
192,2024-07-11,0.001475790425054344,0.4737618623379254,0.036491953145148255,0.019419341120672506,23.97281239494312,17.59948753503633,성북구
193,2024-07-12,0.0015003921445056088,0.4677548244275488,0.03729158639337391,0.019426425203029805,23.26883887037721,18.05724382430741,성북구
194,2024-07-13,0.001432236965368183,0.4665440155627528,0.038089240369606765,0.01699133894938642,22.029507736340065,18.31964203074073,성북구
195,2024-07-14,0.0013457474668774748,0.4364695458482287,0.03987472575542894,0.011977189336948914,19.46458999659144,17.18235717565824,성북구
196,2024-07-15,0.001417603082305424,0.44581042837784174,0.03522169758928881,0.017652452598162362,17.844627616454304,15.652028398248275,성북구
197,2024-07-16,0.0013801906971910244,0.4217016900208684,0.034600818527732335,0.01762718913090987,17.425204361374043,15.109696003143192,성북구
198,2024-07-17,0.0014339228537666418,0.4377337057787181,0.03366933659826443,0.018645542699099737,20.078199551704515,15.784113081789048,성북구
199,2024-07-18,0.0014208995213089437,0.4255623842027366,0.03417603479497104,0.017776818374736207,19.018827058538275,15.609057266485557,성북구
200,2024-07-19,0.0014507257712228303,0.4177506414435681,0.03469157085339727,0.017845976677228224,18.392721852197937,16.108387964289392,성북구
201,2024-07-20,0.0013886061597631486,0.4155532469027,0.03524920930981703,0.015505649135231793,17.33284379403125,16.45287815548165,성북구
202,2024-07-21,0.0013086717786582706,0.38531389858416876,0.036845750350002815,0.010615825671818893,15.04142056773246,15.434284730005853,성북구
203,2024-07-22,0.0013873052321716256,0.395297845180551,0.03206052556769356,0.016441121780106076,13.779020240212173,14.054379557648211,성북구
204,2024-07-23,0.0013566006077763476,0.37260979580958725,0.03136840102429286,0.016587109983597685,13.789139387799175,13.688538400295522,성북구
205,2024-07-24,0.0014166907429454425,0.3907944525094304,0.03042923341079244,0.017792952205859792,16.929827935677665,14.559225663272706,성북구
206,2024-07-25,0.0014094174811031654,0.3814482485606709,0.03099274030811553,0.017122623510701436,16.401142126445848,14.593495419559854,성북구
207,2024-07-26,0.0014441570084698443,0.37706267665614324,0.031628805389331265,0.017395560333291482,16.332675943467635,15.308248485660217,성북구
208,2024-07-27,0.0013859208543488294,0.37881122900857256,0.03236822195852136,0.015258833874846894,15.840927958701627,15.867268785564294,성북구
209,2024-07-28,0.001308688327888786,0.35294874129546805,0.034203679355536504,0.010566994429958308,14.111712407070218,15.055497019966467,성북구
210,2024-07-29,0.0013887355010628465,0.36764638806978744,0.029708861095505735,0.01657949003884797,13.38969187749218,13.868257946683954,성북구
211,2024-07-30,0.0013580976989640923,0.3499120001466633,0.029351592630267806,0.016897139579719674,13.903404817921423,13.675032729343375,성북구
212,2024-07-31,0.0014168977394458766,0.3731929698302472,0.028783480836905267,0.018254892869666306,17.497296976828906,14.693109103501197,성북구
213,2024-08-01,0.0014070156019255415,0.36899026107821786,0.029745001435144,0.017713164623436792,17.359537215728245,14.84522510208799,성북구
214,2024-08-02,0.0014379116512501845,0.36970384787889077,0.03079604941033899,0.018088572327851483,17.60985837832844,15.644942118588322,성북구
215,2024-08-03,0.001374724079561871,0.376421549176229,0.03195694925148257,0.016026176280749316,17.357172146465402,16.253767351047294,성북구
216,2024-08-04,0.0012915964631652628,0.3553200069615543,0.03420972230872356,0.011379365846508173,15.782160455245325,15.455481348088107,성북구
217,2024-08-05,0.0013650007078833805,0.3745010195818431,0.030117472471561504,0.01740729436031658,15.12691659785255,14.24538562906918,성북구
218,2024-08-06,0.0013271925424013697,0.360912875743288,0.030137820157416104,0.017711342615223835,15.620007027737124,13.99406149892874,성북구
219,2024-08-07,0.0013785320286408974,0.38795394111811154,0.02991281880712931,0.019027844101093993,19.108462904214868,14.920973473780752,성북구
220,2024-08-08,0.0013611450176691008,0.38708701191019623,0.031174302391558033,0.018419360203622878,18.78548383501899,14.952034705639365,성북구
221,2024-08-09,0.0013847379398238958,0.3906847669076664,0.03247467173604247,0.018705337493250568,18.778098538821084,15.604872757808547,성북구
222,2024-08-10,0.0013146868608799483,0.39981830502313237,0.03382810983694745,0.01653424807006197,18.204537280889472,16.04581919368343,성북구
223,2024-08-11,0.0012253569680842381,0.3806575431179172,0.03621201766346551,0.01176336029373117,16.25652627757809,15.064082861124547,성북구
224,2024-08-12,0.0012934180161726897,0.40130672263005984,0.03218652682723136,0.017656046062623502,15.188586291203526,13.660826619715458,성북구
225,2024-08-13,0.0012512931315091964,0.38872471379921814,0.032208015423485926,0.01781810864785053,15.242716711041137,13.212743876219204,성북구
226,2024-08-14,0.0012994736567359271,0.41632741787907623,0.03191905879785765,0.01899036853417565,18.279985347314238,13.945473899693475,성북구
227,2024-08-15,0.0012801761459745509,0.41560083354347904,0.033053762618111424,0.018239799839005272,17.50781813978713,13.790979003606036,성북구
228,2024-08-16,0.0013031540433956913,0.4189451723310624,0.034168486290652424,0.018390053745100936,17.067245479657487,14.27262761766249,성북구
229,2024-08-17,0.0012337850792377976,0.4274620630058109,0.03528294848584783,0.01609347403130895,16.089871857892444,14.562012185430486,성북구
230,2024-08-18,0.001146390604272178,0.4073536701948446,0.0373815091751369,0.01121075583278008,13.779790443449478,13.452966881940174,성북구
231,2024-08-19,0.0012175524030134128,0.4267570223167749,0.03303248871701564,0.01700815716515035,12.402535446872228,11.950509497047648,성북구
232,2024-08-20,0.0011795643465816186,0.41266327842282907,0.03270145558335724,0.017093750054612444,12.20946312921918,11.434307797982212,성북구
233,2024-08-21,0.001232751483883383,0.4385192681292204,0.03204092075860519,0.018209950940463827,15.069089913963127,12.132012524089244,성북구
234,2024-08-22,0.001219132553325366,0.4358398964834685,0.03279539328757652,0.017424624448753458,14.194188478093379,11.976582422474614,성북구
235,2024-08-23,0.0012482382796415183,0.43705181528503056,0.033531812730124205,0.01756159776743499,13.72890346278652,12.491346741538417,성북구
236,2024-08-24,0.0011852062862003575,0.44328040796834345,0.03428035841260481,0.015272690746815382,12.805656600248799,12.846834546612088,성북구
237,2024-08-25,0.0011041086106230447,0.4207489110528819,0.03603543818531559,0.010417412142452086,10.627064013657037,11.834835304067159,성북구
238,2024-08-26,0.0011812771083367093,0.43761295543900847,0.031374725475650705,0.016260230091788626,9.454957754685612,10.457413575803564,성북구
239,2024-08-27,0.001148763834428352,0.4208802365945148,0.030772184195221423,0.01640690154118585,9.534899742563287,10.090475726141879,성북구
240,2024-08-28,0.001206668725219389,0.4440126192599035,0.0298875269877268,0.017597097552263866,12.727712057240613,10.957227551405424,성북구
241,2024-08-29,0.0011968102862051292,0.4385392331345924,0.030471068023014535,0.01689561532310525,12.236818293850845,10.985644267825968,성북구
242,2024-08-30,0.0012285513854479759,0.436900920258791,0.03109399190724014,0.01712301047151544,12.195649979398208,11.693693694647166,성북구
243,2024-08-31,0.0011669007355267925,0.4402380365615648,0.03178904332526302,0.014927750717503763,11.724878970574672,12.24633695060287,성북구
244,2024-09-01,0.001085845830500013,0.4147903838618777,0.033551443626789926,0.01016603722011073,10.01468874189257,11.429765753814898,성북구
245,2024-09-02,0.0011616824339619784,0.42873250862783757,0.02895790532085839,0.016099197454707476,9.314166102407718,10.240593664653622,성북구
246,2024-09-03,0.0011264775588643128,0.4090940311655228,0.028479684817277313,0.01633013023405102,9.856190610897233,10.049593694309209,성북구
247,2024-09-04,0.0011803981545604153,0.4293622688964896,0.02777211826026346,0.017596035911560705,13.489334697238395,11.075315900813521,성북구
248,2024-09-05,0.001165381149146891,0.42109567332879433,0.02857959960850046,0.01695971906051264,13.405558518839648,11.241701472594762,성북구
249,2024-09-06,0.0011909569372433413,0.4167684112191055,0.029466019123355777,0.01724029409672632,13.727943446852837,12.0634297046307,성북구
250,2024-09-07,0.0011223469378079823,0.4175580701415613,0.03045566220678174,0.015085392465595574,13.56821585484344,12.703018393144067,성북구
251,2024-09-08,0.0010337910796707974,0.38974525148892125,0.03253436898754768,0.010351015776665959,12.109265992407451,11.945133702002053,성북구
252,2024-09-09,0.001101870449670088,0.40154828368597784,0.02826881882805422,0.016298937608825774,11.594736700471987,10.78582465159754,성북구
253,2024-09-10,0.0010589622268245551,0.3800427258851179,0.028119872508258672,0.016533134173515453,12.254053986539557,10.596273379248142,성북구
254,2024-09-11,0.0011055593398197627,0.398762942561614,0.027732408769941035,0.017792477225081538,15.934408884591642,11.596394472506935,성북구
255,2024-09-12,0.0010839307505955632,0.389314295203371,0.02884060586409352,0.017141977619587367,15.828472803797302,11.712400518463886,성북구
256,2024-09-13,0.001103934734660552,0.38421631732492867,0.029998677640189635,0.01740341182520776,16.062090231752613,12.462071859758737,성북구
257,2024-09-14,0.0010311060809770015,0.38468889686397567,0.031222055628998616,0.01522743251261351,15.75170221711952,13.01175356269787,성북구
258,2024-09-15,0.0009399733765555517,0.3570502796034891,0.03348880940089972,0.010473310713785029,14.086708881374708,12.150538947243195,성북구
259,2024-09-16,0.0010073719183433664,0.3695501821669237,0.02935916186012423,0.01640621587827791,13.318850783036993,10.87935884115206,성북구
260,2024-09-17,0.0009658896747757094,0.34928774394792406,0.029289025538797173,0.016633518010953592,13.686987657697884,10.574572309998054,성북구
261,2024-09-18,0.0010161790155702882,0.36981165880155636,0.028919990893489848,0.017897349541660144,17.04879170081945,11.461397215642739,성북구
262,2024-09-19,0.0010006103677539155,0.36273109231491546,0.029984712743331737,0.017265719720084977,16.608146340650652,11.471303089320488,성북구
263,2024-09-20,0.0010290803899128498,0.36055780759954137,0.031037701192901227,0.01756301822289087,16.502503848281158,12.127109779267794,성북구
264,2024-09-21,0.0009670957681401644,0.36449157536352494,0.032096506700779834,0.015442013335813125,15.859965147050636,12.59982030353371,성북구
265,2024-09-22,0.0008890889329675771,0.3408177266160249,0.03414309124469265,0.010763496148274748,13.881300170149775,11.682652469649767,성북구
266,2024-09-23,0.0009717313230458805,0.357740172463807,0.029743243388510417,0.01679348062308456,12.828998555762869,10.379993259272895,성북구
267,2024-09-24,0.0009473816471082417,0.34229964591487605,0.02935996590853281,0.017139446726779566,12.951738745842363,10.070876037256063,성북구
268,2024-09-25,0.00101640183639474,0.3679745204491388,0.028643270957226623,0.018542866637613308,16.11580150030482,10.982322581519814,성북구
269,2024-09-26,0.0010208167636346784,0.366292812573524,0.02933533415305786,0.018070308474570244,15.532226668543892,11.046675283714354,성북구
270,2024-09-27,0.0010701301847915224,0.3696757796416288,0.030001020321795642,0.018543955104500968,15.343973286854734,11.786664972584266,성북구
271,2024-09-28,0.0010294178205989002,0.37922516386222493,0.0306687778877779,0.01661364344453989,14.682851726173967,12.372243845138897,성북구
272,2024-09-29,0.0009726536446987865,0.36112290315182405,0.03233170195760952,0.01213657492109043,12.751450096052192,11.594648147664271,성북구
273,2024-09-30,0.0010760347317104,0.3834665834803668,0.027566632520680444,0.018374605356094177,11.812146946335815,10.455413704314626,성북구
274,2024-10-01,0.0010714418115628185,0.3731903268512384,0.026847225330957725,0.018930599095599125,12.11159892694538,10.329942495330931,성북구
275,2024-10-02,0.001158767892538887,0.4036683994840712,0.0258334393932108,0.020541084312071984,15.512228350547103,11.440959520400712,성북구
276,2024-10-03,0.001179590683875573,0.4063300697050096,0.026276401173741113,0.020267500209444143,15.219506816830814,11.715981714671349,성북구
277,2024-10-04,0.0012430009228672832,0.41350604377583383,0.026748666532714432,0.020926869451156987,15.369290759488877,12.672540073024418,성북구
278,2024-10-05,0.0012137071760332978,0.4262184446303154,0.027284884954407507,0.019163996593189108,15.084972044629726,13.475179588198586,성북구
279,2024-10-06,0.0011653728472611384,0.41058306790034965,0.02888267278601101,0.014831338288267938,13.559659018415537,12.909696331499447,성북구
280,2024-10-07,0.0012739504353870793,0.4346471059644835,0.024121567478204993,0.02118644852373032,13.045472234236938,11.972329190745286,성북구
281,2024-10-08,0.0012711499086799705,0.42531195529285615,0.023476004699696844,0.021828478741766806,13.778334944058678,12.033498787854418,성북구
282,2024-10-09,0.0013567733198723301,0.4559383204362734,0.022604765171738483,0.023490965001094936,17.60977421587709,13.311427213218042,성북구
283,2024-10-10,0.0013723912009505816,0.4579620830450645,0.023255852792412157,0.023233188482617934,17.73451951802775,13.72975500350041,성북구
284,2024-10-11,0.0014271727039806934,0.4637412153321587,0.023996824979170786,0.023870938719538264,18.278145353844405,14.802891604950782,성북구
285,2024-10-12,0.00138598997622015,0.47434566833424874,0.024855578215194143,0.02204877701015096,18.354512111803075,15.693119599734256,성북구
286,2024-10-13,0.0013227524813020862,0.45595895044691503,0.02682139243648966,0.01761994318340905,17.1482121400187,15.184908422124956,성북구
287,2024-10-14,0.00141373634922146,0.47671458485515134,0.02246410177660521,0.023843807203510946,16.90409770486525,14.274152323786204,성북구
288,2024-10-15,0.0013910457237084695,0.4636170764075786,0.02224732778309016,0.02432234457209753,17.852264382118065,14.331923295994372,성북구
289,2024-10-16,0.0014549383904732158,0.4901446340419381,0.021818215066800754,0.025792867727794055,21.84000042651219,15.57807177905716,성북구
290,2024-10-17,0.0014474914402109256,0.48786216695009743,0.02291262313161902,0.025319300728754844,22.059485010846572,15.938791822177071,성북구
291,2024-10-18,0.0014784191968379267,0.48926489979255583,0.024085786766995805,0.025722828512911192,22.635479442570272,16.931888220369416,성북구
292,2024-10-19,0.0014131642061333775,0.49556461783464634,0.025353438955066136,0.023654020996323053,22.682764581961955,17.723768210009645,성북구
293,2024-10-20,0.0013262173382472089,0.4730873506840701,0.02769319065683975,0.018972578801123532,21.388532081720708,17.10361671392147,성북구
294,2024-10-21,0.0013944324542527553,0.49010578677375144,0.023664025739720942,0.024944606445789285,21.001808240404305,16.072474029083782,성북구
295,2024-10-22,0.0013504729887537554,0.47375616023054967,0.02371983818128051,0.025178896908534063,21.758287598052508,16.00681155074235,성북구
296,2024-10-23,0.0013951231212319733,0.497636971884918,0.023499443054481563,0.026419465186239235,25.51209173067472,17.131943858802227,성북구
297,2024-10-24,0.0013709396744755065,0.4934181795485306,0.024732007346469555,0.025736623871737974,25.46324222136278,17.379399772702833,성북구
298,2024-10-25,0.0013880573398843438,0.4936813177468739,0.025967906271527202,0.02595743793237504,25.74509898909648,18.271996112980194,성북구
299,2024-10-26,0.001312268368951362,0.4997026671925497,0.02721999347076942,0.02373766481601798,25.48152504270269,18.98064304279235,성북구
300,2024-10-27,0.0012183330938919745,0.4778483833219537,0.029465075221728955,0.018941332346368786,23.868993655147737,18.298346158525437,성북구
301,2024-10-28,0.0012832869939431984,0.49640496475527895,0.025263444117026204,0.024837865543107858,23.165725405411997,17.229130094416327,성북구
302,2024-10-29,0.001239881875137132,0.4824948772488042,0.025072398061264996,0.025038251051934277,23.616240892155634,17.151484614871,성북구
303,2024-10-30,0.0012888939953721367,0.5096747515043749,0.024536176361833976,0.026287480901503932,27.08285301431801,18.291676234615913,성북구
304,2024-10-31,0.001272775371059895,0.5095448271904035,0.02539126078673456,0.025655571894733407,26.772895748620474,18.58105186606359,성북구
305,2024-11-01,0.0013014608989213015,0.5145901196278412,0.02619705057425791,0.025968000181247525,26.82594783731732,19.541081171132166,성북구
306,2024-11-02,0.0012404524006445759,0.5259654237432647,0.026976904524301546,0.02387765849671626,26.370818755693012,20.340168369866774,성북구
307,2024-11-03,0.0011641358569461743,0.5098930365672145,0.02871934631744106,0.01924448882841853,24.607518144017895,19.767699418427355,성북구
308,2024-11-04,0.0012490973885636385,0.5344965289809336,0.02399729566430921,0.02533270085281598,23.796300080729704,18.82304888682623,성북구
309,2024-11-05,0.0012275753344106835,0.5267203108752815,0.023281259204066818,0.025747062957771336,24.18217056058418,18.879145889871864,성북구
310,2024-11-06,0.001299780988079193,0.5599323169262082,0.02222892170307676,0.02722550464708989,27.62638319383019,20.155939333210625,성북구
311,2024-11-07,0.0013075639122786115,0.5655383765191909,0.02259009466805911,0.026830322736584217,27.333719712945935,20.57788510039106,성북구
312,2024-11-08,0.0013602341102653373,0.5758286204259688,0.022937040812732196,0.027378826107650977,27.439811910633296,21.65919698595913,성북구
313,2024-11-09,0.0013226617788725432,0.5917679030658084,0.023305176917495136,0.025515520963053828,27.068269202094832,22.56088638330841,성북구
314,2024-11-10,0.001268610508053139,0.5793989774681019,0.024693960335618194,0.021091983191217894,25.41282853511118,22.065050180419593,성북구
315,2024-11-11,0.0013740690748374582,0.6066816049054431,0.019685830306255783,0.027364321585001208,24.72661241621197,21.164124197654417,성북구
316,2024-11-12,0.0013707187750868373,0.6004171940880751,0.018759145767513974,0.027929711863373737,25.246876832802176,21.224694185361567,성북구
317,2024-11-13,0.0014582684608601007,0.6338561514489831,0.017577567001616713,0.029519233355805672,28.826766727432933,22.461197179332682,성북구
318,2024-11-14,0.0014781328334410079,0.6383163680785016,0.01789484382926728,0.02918929394456058,28.662867695486963,22.79362846509198,성북구
319,2024-11-15,0.0015392659350866287,0.6460330696241351,0.01828503306763983,0.02975247153418491,28.88280229647267,23.732988889332606,성북구
320,2024-11-16,0.0015062702704818692,0.6579518971110299,0.01878315062412873,0.02784986800407591,28.602626863811444,24.43849098123615,성북구
321,2024-11-17,0.0014527371792666557,0.6401338637120426,0.020386064795443505,0.02333111694551912,27.009237400142418,23.691977513119205,성북구
322,2024-11-18,0.0015545834204239812,0.6605952990434123,0.015671501699455644,0.029451944467951144,26.34986260000417,22.487264916331743,성북구
323,2024-11-19,0.001543520786100167,0.6462323295564236,0.01511110276096195,0.029810759543126116,26.85701868967177,22.193999717558448,성북구
324,2024-11-20,0.0016193908514108462,0.6704270560424519,0.014359978324105842,0.031141503361314243,30.380437492388232,23.031358138113337,성북구
325,2024-11-21,0.00162384041508643,0.6646638601802789,0.01516171545503524,0.03050504208452321,30.114751164885778,22.925702748359335,성북구
326,2024-11-22,0.001666149644672666,0.6613761000313046,0.016078856731638096,0.03071993128248579,30.18717794164537,23.39593091662709,성북구
327,2024-11-23,0.0016113334918350963,0.6617351228565598,0.01713384837545654,0.028434649266808307,29.71496200440817,23.610534902047164,성북구
328,2024-11-24,0.0015334721939448564,0.6320503263825819,0.0193102563735377,0.023507443108128443,27.88777465847231,22.36182997920162,성북구
329,2024-11-25,0.001609036072630859,0.6406034900234916,0.01517211290784728,0.02920369027793912,26.95715485058423,20.65506708781456,성북구
330,2024-11-26,0.0015703417451640419,0.6145670558345118,0.015177323953037326,0.029132257125656376,27.161365103770564,19.872023477495418,성북구
331,2024-11-27,0.0016178721940763763,0.6276036695464741,0.0149675728503259,0.030038089376904747,30.357177010531586,20.24440789514745,성북구
332,2024-11-28,0.0015939366203355817,0.6114755773540814,0.016273668703824108,0.028993325573076267,29.747373726098143,19.71120155196902,성북구
333,2024-11-29,0.001608482486178871,0.5988843123731761,0.01764634747514491,0.028827768927350526,29.46821893565513,19.803677704806205,성북구
334,2024-11-30,0.001527180717226513,0.5912527789189999,0.01909751574708226,0.026200822465499003,28.64665153944872,19.702128334454436,성북구
335,2024-12-01,0.0014247402853386762,0.5551186465737679,0.021601728178863494,0.020981039150067618,26.482420170810187,18.20976324857813,성북구
336,2024-12-02,0.001478217778924448,0.5589624526365348,0.01771575430757792,0.026443197888419638,25.23724311986913,16.341507106320513,성북구
337,2024-12-03,0.0014204594532077704,0.5301202612987232,0.017892160028455388,0.026204394424289068,25.159377660856094,15.487296654589368,성북구
338,2024-12-04,0.001452408553503333,0.5423783453306844,0.01776933431189677,0.027016389701795387,28.115121002691573,15.885223114062718,성북구
339,2024-12-05,0.0014167541467611238,0.5275786239483258,0.019076907136537744,0.025956513435782244,27.316038306210213,15.47864867512504,성북구
340,2024-12-06,0.001423734131974607,0.5184554074272237,0.02036656509960321,0.025857964394117076,26.906174939169105,15.801046773462389,성북구
341,2024-12-07,0.0013392136116943888,0.5164156485624589,0.02165325473811424,0.023381617339555166,26.019019387908536,16.03260037417663,성북구
342,2024-12-08,0.0012379950017781312,0.4879316774150161,0.02391656611302014,0.018395492307964546,23.85943739233229,14.974028077643721,성북구
343,2024-12-09,0.0012971255812979192,0.5013698529082165,0.019720155251650877,0.024171799885388832,22.692668426987055,13.635366629114156,성북구
344,2024-12-10,0.0012493400079521036,0.4839049837956296,0.01952513504325027,0.024323052942918567,22.768773023594736,13.399313703838642,성북구
345,2024-12-11,0.0012953705622166017,0.5091179576997072,0.018979870601145685,0.02559448752471137,25.95405647915432,14.494475920861518,성북구
346,2024-12-12,0.0012776012644100977,0.5086052539065679,0.019825131562046683,0.025055089362868415,25.458266461154185,14.852649474316053,성북구
347,2024-12-13,0.0013058783858398684,0.5148208027817226,0.020624615124305676,0.025528064921477526,25.421822443328434,15.993879915318503,성북구
348,2024-12-14,0.0012455983329397308,0.5288622764723921,0.021405837842338425,0.02366286303001523,24.972842838298007,17.0833306771772,성북구
349,2024-12-15,0.0011710290300991058,0.5168706469281313,0.023161197131845734,0.019314897707980082,23.3091885537114,16.90542412742844,성북구
350,2024-12-16,0.0012586302105187428,0.5468662828386286,0.018467069671858176,0.025742879706754686,22.687611031175877,16.45297645074098,성북구
351,2024-12-17,0.0012405098146796092,0.5456712585333325,0.01779688484045429,0.026545240188504893,23.3483890750889,17.090921887995204,성북구
352,2024-12-18,0.001316748909446385,0.5865151210849208,0.016810617460633448,0.028452881477155047,27.146974832256195,19.02996208058637,성북구
353,2024-12-19,0.0013290709065340084,0.6006525907702251,0.017259660088798368,0.028520543076363796,27.281440411420792,20.184258081940367,성북구
354,2024-12-20,0.001386667230376675,0.6202134543153641,0.017717095703160227,0.029557613277824524,27.879976393663835,22.056901373749945,성북구
355,2024-12-21,0.0013543000469920265,0.6459965345128983,0.018218374975068664,0.02820048376633238,28.058200951900783,23.79718318078409,성북구
356,2024-12-22,0.001305637825355174,0.6438763787809263,0.019762204196175238,0.024292589325505032,27.00149089836433,24.175115735883644,성북구
357,2024-12-23,0.0014165888083409281,0.6816457574819983,0.014929514992724385,0.031082032052168404,26.954415261622174,24.170917101574247,성북구
358,2024-12-24,0.0014187692905824603,0.6859434817286986,0.014196456642570063,0.032158265978975725,28.14564840127852,25.139046067701614,성북구
359,2024-12-25,0.0015118388512336324,0.7298646453931507,0.013223856627848005,0.034245070317176635,32.41987608161289,27.282114800620267,성북구
360,2024-12-26,0.001537178098640893,0.744581650524491,0.013762109670606912,0.03439209376840942,32.96547959958279,28.5087898811677,성북구
361,2024-12-27,0.0016037209034131018,0.762196188352219,0.014381514800065602,0.03540579561343944,33.902243539647905,30.319412480692094,성북구
362,2024-12-28,0.001576061609638631,0.783534003298172,0.01511306205705673,0.03392187762317711,34.33884105396871,31.863352869391633,성북구
363,2024-12-29,0.0015277929277084787,0.7745510590455884,0.016949471152382378,0.02978534687743665,33.45530414453588,31.9135504115699,성북구
364,2024-12-30,0.0016348395722504687,0.8031742073357309,0.012464348394866102,0.03624810827998687,33.492556770545384,31.45594983098834,성북구
365,2024-12-31,0.001628924582656493,0.796225912265639,0.012125396980366607,0.03690556346249854,34.6773861299113,31.853421143925083,성북구
